customer_id,churn_probability
7590-VHVEG,0.794243
5575-GNVDE,0.040853
3668-QPYBK,0.261369
7795-CFOCW,0.052428
9237-HQITU,0.63701
9305-CDSKC,0.862176
1452-KIOVK,0.425257
6713-OKOMC,0.155335
7892-POOKP,0.655755
6388-TABGU,0.031556
9763-GRSKD,0.157185
7469-LKBCI,0.027892
8091-TTVAX,0.148591
0280-XJGEX,0.434846
5129-JLPIS,0.434955
3655-SNQYZ,0.047231
8191-XWSZG,0.025292
9959-WOFKT,0.072714
4190-MFLUW,0.160091
4183-MYFRB,0.499109
8779-QRDMV,0.839544
1680-VDCWW,0.043099
1066-JKSGK,0.38161
3638-WEABW,0.030186
6322-HRPFA,0.067756
6865-JZNKO,0.102759
6467-CHFZW,0.571876
8665-UTDHZ,0.488912
5248-YGIJN,0.01885
8773-HHUOZ,0.208009
3841-NFECX,0.022314
4929-XIHVW,0.840085
6827-IEAUQ,0.034691
7310-EGVHZ,0.365815
3413-BMNZE,0.808922
6234-RAAPL,0.025086
6047-YHPVI,0.633975
6572-ADKRS,0.221245
5380-WJKOV,0.596178
8168-UQWWF,0.766396
8865-TNMNX,0.079344
9489-DEDVP,0.036093
9867-JCZSP,0.037682
4671-VJLCL,0.023256
4080-IIARD,0.20189
3714-NTNFO,0.412144
5948-UJZLF,0.417809
7760-OYPDY,0.714328
7639-LIAYI,0.041789
2954-PIBKO,0.023568
8012-SOUDQ,0.484758
9420-LOJKX,0.48296
6575-SUVOI,0.165986
7495-OOKFY,0.632721
4667-QONEA,0.041727
1658-BYGOY,0.712149
8769-KKTPH,0.138053
5067-XJQFU,0.21175
3957-SQXML,0.022416
5954-BDFSG,0.094462
0434-CSFON,0.578578
1215-FIGMP,0.237961
0526-SXDJP,0.042755
0557-ASKVU,0.070946
5698-BQJOH,0.746996
5122-CYFXA,0.399729
8627-ZYGSZ,0.153714
3410-YOQBQ,0.035869
3170-NMYVV,0.016001
7410-OIEDU,0.450094
2273-QCKXA,0.35427
0731-EBJQB,0.037611
1891-QRQSA,0.104483
8028-PNXHQ,0.01774
5630-AHZIL,0.307939
2673-CXQEU,0.278611
6416-JNVRK,0.106701
5590-ZSKRV,0.119252
0191-ZHSKZ,0.198431
3887-PBQAO,0.032674
5919-TMRGD,0.880164
8108-UXRQN,0.242372
9191-MYQKX,0.567358
9919-YLNNG,0.341465
0318-ZOPWS,0.018703
4445-ZJNMU,0.850904
4808-YNLEU,0.069426
1862-QRWPE,0.017013
2796-NNUFI,0.017013
3016-KSVCP,0.172317
4767-HZZHQ,0.230365
2424-WVHPL,0.754486
7233-PAHHL,0.030431
6067-NGCEU,0.224071
9848-JQJTX,0.086534
8637-XJIVR,0.541541
9803-FTJCG,0.023186
0278-YXOOG,0.109447
3212-KXOCR,0.015574
4598-XLKNJ,0.581087
6380-ARCEH,0.429796
3679-XASPY,0.315155
7123-WQUHX,0.105594
5386-THSLQ,0.068032
3192-NQECA,0.107205
6180-YBIQI,0.319062
6728-DKUCO,0.124564
9750-BOOHV,0.057537
8597-CWYHH,0.128493
2848-YXSMW,0.014524
0486-HECZI,0.338785
4549-ZDQYY,0.038861
5712-AHQNN,0.38525
4846-WHAFZ,0.554636
5256-SKJGO,0.049803
3071-VBYPO,0.367718
9560-BBZXK,0.04059
5299-RULOA,0.788516
8402-OOOHJ,0.017754
9445-ZUEQE,0.188864
1091-SOZGA,0.195694
2928-HLDBA,0.107718
0404-SWRVG,0.730703
6497-TILVL,0.15028
7219-TLZHO,0.104977
4622-YNKIJ,0.063393
4412-YLTKF,0.570307
6734-PSBAW,0.016158
3930-ZGWVE,0.314328
2639-UGMAZ,0.110246
2876-GZYZC,0.698004
6207-WIOLX,0.139427
8587-XYZSF,0.03069
3091-FYHKI,0.764342
2372-HWUHI,0.426212
7799-LGRDP,0.021362
7850-VWJUU,0.208548
3774-VBNXY,0.017075
6217-KDYWC,0.013891
0390-DCFDQ,0.823191
3146-MSEGF,0.020122
4080-OGPJL,0.169765
1095-WGNGG,0.099136
2636-SJDOU,0.073853
1131-QQZEB,0.018464
5716-EZXZN,0.05027
6837-BJYDQ,0.065734
2135-RXIHG,0.656789
6440-DKQGE,0.049105
3466-BYAVD,0.146741
3780-YVMFA,0.268225
3874-EQOEP,0.640625
1679-JRFBR,0.186479
9073-ZZIAY,0.02982
3077-RSNTJ,0.073969
6551-GNYDG,0.607595
9167-APMXZ,0.394729
2749-CTKAJ,0.032719
6371-NZYEG,0.041536
7554-NEWDD,0.03251
8992-VONJD,0.175332
0867-MKZVY,0.382304
4482-EWFMI,0.729251
4648-YPBTM,0.043166
2907-ILJBN,0.035771
6345-FZOQH,0.013633
3376-BMGFE,0.594589
5997-OPVFA,0.021227
3445-HXXGF,0.30239
1159-WFSGR,0.092955
7654-YWJUF,0.047918
1875-QIVME,0.628371
6727-IOTLZ,0.079337
0691-JVSYA,0.148358
5918-VUKWP,0.027514
1744-JHKYS,0.08174
2656-FMOKZ,0.587897
2070-FNEXE,0.411869
5947-SGKCL,0.735742
3712-PKXZA,0.027291
6317-YPKDH,0.573905
6582-OIVSP,0.636142
9367-WXLCH,0.587507
5524-KHNJP,0.076792
1918-ZBFQJ,0.544439
1024-GUALD,0.691503
4827-USJHP,0.203869
8167-GJLRN,0.464479
0956-SYCWG,0.05088
8017-UVSZU,0.156009
7100-FQPRV,0.062002
2472-OVKUP,0.638372
2984-RGEYA,0.015753
9680-NIAUV,0.03243
2146-EGVDT,0.014195
2604-IJPDU,0.33739
9178-JHUVJ,0.019524
6168-YBYNP,0.372589
7255-SSFBC,0.057829
3645-DEYGF,0.292082
9323-HGFWY,0.209219
8544-GOQSH,0.336522
3363-DTIVD,0.048871
7018-WBJNK,0.496075
9142-KZXOP,0.220219
7674-YTAFD,0.076299
6348-SNFUS,0.01951
1285-OKIPP,0.802377
7825-ECJRF,0.412301
1347-KTTTA,0.112532
7841-TZDMQ,0.503706
4195-NZGTA,0.609135
7157-SMCFK,0.013963
4709-LKHYG,0.029045
2504-DSHIH,0.506086
0699-NDKJM,0.125292
9286-BHDQG,0.015378
0230-WEQUW,0.024112
2040-LDIWQ,0.028989
6496-JDSSB,0.617346
9408-SSNVZ,0.692765
4443-EMBNA,0.015265
6469-MRVET,0.293775
0742-MOABM,0.268713
5961-VUSRV,0.049696
6778-JFCMK,0.099041
6341-JVQGF,0.058844
2232-DMLXU,0.525076
4811-JBUVU,0.33033
0945-TSONX,0.029137
2651-ZCBXV,0.192721
3316-UWXUY,0.159698
8937-RDTHP,0.51361
7083-MIOPC,0.010126
1984-GPTEH,0.082739
1251-KRREG,0.461238
0621-JFHOL,0.084888
9903-LYSAB,0.531808
0094-OIFMO,0.658875
9227-UAQFT,0.018626
7301-ABVAD,0.026384
6614-FHDBO,0.044181
7576-ASEJU,0.085754
9058-HRZSV,0.167699
4522-AKYLR,0.365778
0221-WMXNQ,0.504438
0303-UNCIP,0.086188
9947-OTFQU,0.579333
0322-YINQP,0.314817
0959-WHOKV,0.190772
4075-JFPGR,0.098201
4629-NRXKX,0.530351
9514-JDSKI,0.685079
3282-ZISZV,0.074048
3675-YDUPJ,0.147943
4111-BNXIF,0.044542
7017-VFHAY,0.055629
6655-LHBYW,0.156679
4959-JOSRX,0.611207
5046-NUHWD,0.379178
7273-TEFQD,0.762077
3606-TWKGI,0.7631
7529-ZDFXI,0.322167
7605-BDWDC,0.032012
1950-KSVVJ,0.13334
0123-CRBRT,0.02322
6292-TOSSS,0.019315
3197-ARFOY,0.353631
6323-AYBRX,0.011994
7014-ZZXAW,0.01675
4385-GZQXV,0.582967
7633-MVPUY,0.031938
6366-ZGQGL,0.519927
4716-HHKQH,0.583274
5940-AHUHD,0.713386
6432-TWQLB,0.534389
4484-GLZOU,0.555758
3179-GBRWV,0.174072
8645-KWHJO,0.42368
4130-MZLCC,0.313043
0314-TKOSI,0.141942
8229-MYEJZ,0.231858
2080-SRCDE,0.248009
9577-WJVCQ,0.084761
9512-UIBFX,0.367718
6202-DYYFX,0.141143
3808-HFKDE,0.338706
5583-SXDAG,0.774872
3488-PGMQJ,0.539333
3580-REOAC,0.235509
7534-BFESC,0.463858
3727-OWVYD,0.038455
2294-SALNE,0.058822
4847-TAJYI,0.791397
1563-IWQEX,0.074404
8203-XJZRC,0.280469
6556-DBKZF,0.07888
6851-WEFYX,0.554833
2985-JUUBZ,0.384457
6390-DSAZX,0.60407
0895-LMRSF,0.11713
8098-LLAZX,0.898026
8266-VBFQL,0.659513
8181-YHCMF,0.031479
2240-HSJQD,0.306574
1248-DYXUB,0.015308
0265-EDXBD,0.472806
4115-BNPJY,0.033428
3167-SNQPL,0.435231
4091-TVOCN,0.069194
1098-TDVUQ,0.465307
7277-OZCGZ,0.278119
1557-EMYVT,0.101318
2799-ARNLO,0.614598
7563-BIUPC,0.665441
5027-YOCXN,0.185467
3973-SKMLN,0.01131
2321-OMBXY,0.058744
2840-XANRC,0.569758
6745-JEFZB,0.334296
5020-ZSTTY,0.05991
9880-TDQAC,0.028154
8705-WZCYL,0.575735
7102-JJVTX,0.061395
8626-PTQGE,0.030564
4983-CLMLV,0.297553
5701-YVSVF,0.543598
5804-LEPIM,0.688356
5697-GOMBF,0.57154
2739-CACDQ,0.603892
9385-EHGDO,0.01916
9498-FIMXL,0.054436
2379-GYFLQ,0.170084
0122-OAHPZ,0.663382
2868-SNELZ,0.624015
4322-RCYMT,0.052262
6680-NENYN,0.235606
2088-IEBAU,0.036637
7982-VCELR,0.292561
1343-EHPYB,0.422686
6035-BXTTY,0.130322
6885-PKOAM,0.020952
7520-HQWJU,0.08952
9639-BUJXT,0.022514
5924-SNGKP,0.030496
0021-IKXGC,0.89286
2034-GDRCN,0.844038
8966-SNIZF,0.016934
6243-OZGFH,0.508797
4654-DLAMQ,0.080111
0513-RBGPE,0.033517
5160-UXJED,0.070172
4115-NZRKS,0.644603
0219-YTZUE,0.758302
0623-IIHUG,0.408024
4572-DVCGN,0.579941
3351-NGXYI,0.357602
8984-EYLLL,0.125406
9057-MSWCO,0.196559
9833-TGFHX,0.187827
9294-TDIPC,0.069258
5229-DTFYB,0.060578
0104-PPXDV,0.04665
5176-LMJXE,0.015601
3583-KRKMD,0.291929
1010-DIAUQ,0.754792
9069-LGEUL,0.122026
7302-ZHMHP,0.231647
9571-EDEBV,0.110325
3520-FJGCV,0.033763
6563-VRERX,0.028855
0259-GBZSH,0.865258
6122-EFVKN,0.021333
2805-EDJPQ,0.113809
6862-CQUMB,0.452487
7156-MXBJE,0.07503
6158-HDPXZ,0.486366
9601-BRXPO,0.502927
2863-IMQDR,0.023371
5686-CMAWK,0.170312
5651-CRHKQ,0.053249
6905-NIQIN,0.423858
8204-YJCLA,0.022655
5167-ZFFMM,0.852544
6583-SZVGP,0.186081
4895-TMWIR,0.087094
0533-BNWKF,0.353162
1708-PBBOA,0.080965
8782-LKFPK,0.355211
5522-JBWMO,0.466727
3597-MVHJT,0.525797
9774-NRNAU,0.2237
0224-RLWWD,0.700227
9967-ATRFS,0.055654
3951-NJCVI,0.546333
2977-CEBSX,0.024434
0177-PXBAT,0.315121
6599-CEBNN,0.270646
2519-ERQOJ,0.308802
5876-QMYLD,0.0293
2277-AXSDC,0.028755
9442-JTWDL,0.038841
0979-PHULV,0.361502
3067-SVMTC,0.037939
5495-GPSRW,0.022
7606-BPHHN,0.015897
4742-DRORA,0.090245
0111-KLBQG,0.40055
4800-VHZKI,0.36628
7989-CHGTL,0.402848
0334-GDDSO,0.746548
4163-NCJAK,0.036604
5233-AOZUF,0.496833
5973-EJGDP,0.274197
1996-DBMUS,0.217195
7916-VCCPB,0.287267
4686-GEFRM,0.039751
5249-QYHEX,0.016482
0578-SKVMF,0.316727
5564-NEMQO,0.828038
2233-FAGXV,0.156476
5605-IYGFG,0.511743
7663-ZTEGJ,0.198106
3935-TBRZZ,0.027211
8111-BKVDS,0.220718
2055-SIFSS,0.184603
2806-MLNTI,0.270759
8734-DKSTZ,0.666868
4360-PNRQB,0.345224
6152-ONASV,0.033394
9063-ZGTUY,0.067736
7781-HVGMK,0.019822
2181-UAESM,0.406188
2957-LOLHO,0.222493
6048-NJXHX,0.025812
2320-SLKMB,0.151441
4980-URKXC,0.029731
4376-KFVRS,0.032736
5886-VLQVU,0.319937
3577-AMVUX,0.48673
0771-WLCLA,0.552598
5628-RKIFK,0.517428
0206-TBWLC,0.247587
2937-FTHUR,0.237108
1910-FMXJM,0.430551
7752-XUSCI,0.457106
4110-PFEUZ,0.722882
0732-OCQOC,0.019222
5168-MSWXT,0.7265
1090-ESELR,0.03857
8592-PLTMQ,0.02429
5760-WRAHC,0.151745
8847-GEOOQ,0.113873
0256-LTHVJ,0.44718
4785-FCIFB,0.017817
8313-NDOIA,0.664336
5149-CUZUJ,0.076503
0942-KOWSM,0.033701
4237-CLSMM,0.123776
1452-VOQCH,0.877431
4719-UMSIY,0.079235
6614-VBEGU,0.164197
0880-TKATG,0.71544
3811-VBYBZ,0.859461
1480-BKXGA,0.031712
2996-XAUVF,0.049375
9076-AXYIK,0.098094
5968-XQIVE,0.108576
8896-RAZCR,0.019334
4640-UHDOS,0.248806
4933-IKULF,0.045285
3583-EKAPL,0.751228
1304-BCCFO,0.267599
4104-PVRPS,0.088382
9399-APLBT,0.811749
2359-KMGLI,0.423272
3780-DDGSE,0.260067
4431-EDMIQ,0.19269
0306-JAELE,0.700813
6227-HWPWX,0.314213
0486-LGCCH,0.023403
0447-BEMNG,0.184465
4612-SSVHJ,0.565768
5168-MQQCA,0.125831
5949-XIKAE,0.599464
7971-HLVXI,0.051083
9094-AZPHK,0.846847
3649-JPUGY,0.029667
4472-LVYGI,0.070547
8372-JUXUI,0.872941
3552-CTCYF,0.119952
6778-YSNIH,0.604861
0388-EOPEX,0.468067
5756-OZRIO,0.084233
6579-JPICP,0.305203
8205-OTCHB,0.14479
4134-BSXLX,0.068126
0505-SPOOW,0.016528
6235-VDHOM,0.447705
7783-YKGDV,0.670317
4374-YMUSQ,0.338624
4513-CXYIX,0.040438
3957-HHLMR,0.051166
7803-XOCCZ,0.147491
5736-YEJAX,0.019639
5609-CEBID,0.582891
8981-FJGLA,0.551238
7218-HKQFK,0.756294
4636-QRJKY,0.657417
1135-LMECX,0.306496
4332-MUOEZ,0.102404
8535-SFUTN,0.400969
5956-VKDTT,0.730337
8677-HDZEE,0.328465
2475-MROZF,0.230639
9412-GHEEC,0.303473
3482-ABPKK,0.04067
6705-LXORM,0.559776
0257-ZESQC,0.276527
7531-GQHME,0.083957
5174-ITUMV,0.278541
4109-CYRBD,0.405579
0913-XWSCN,0.247652
6825-UYPFK,0.264569
8397-MVTAZ,0.505498
0750-EBAIU,0.067525
8606-CIQUL,0.031454
3571-DPYUH,0.081567
7601-GNDYK,0.016945
0356-OBMAC,0.092061
8067-NIOYM,0.019754
1403-GYAFU,0.01665
4234-XTNEA,0.803763
1297-VQDRP,0.290872
9282-IZGQK,0.871724
5348-CAGXB,0.77987
0621-HJWXJ,0.211397
5844-QVTAT,0.050238
8905-IAZPF,0.154661
5394-MEITZ,0.032613
6859-QNXIQ,0.022367
2782-LFZVW,0.263901
2866-IKBTM,0.266112
1342-JPNKI,0.66634
2817-NTQDO,0.174538
7129-AZJDE,0.137682
6986-IJDHX,0.279491
2560-PPCHE,0.17178
4676-MQUEA,0.1898
8138-EALND,0.08027
3580-HYCSP,0.046837
1352-HNSAW,0.034093
2075-PUEPR,0.016614
1982-FEBTD,0.021759
5301-GAUUY,0.321271
5791-KAJFD,0.066234
2654-VBVPB,0.407779
1154-HYWWO,0.046741
2501-XWWTZ,0.400382
3716-UVSPD,0.508335
6815-ABQFQ,0.277278
7343-EOBEU,0.171537
3701-SFMUH,0.168644
6103-LIANB,0.079025
7319-VENRZ,0.245701
5846-NEQVZ,0.01863
6967-QIQRV,0.258924
5781-RFZRP,0.017446
0939-YAPAF,0.515641
0308-IVGOK,0.104604
7293-LSCDV,0.028967
7025-WCBNE,0.056093
5756-JYOJT,0.100191
4710-FDUIZ,0.185831
6030-REHUX,0.6374
9548-LIGTA,0.020378
5150-LJNSR,0.120025
8270-RKSAP,0.599159
6522-YRBXD,0.47778
2640-LYMOV,0.179242
1218-VKFPE,0.066911
3627-FHKBK,0.668646
2865-TCHJW,0.848965
1423-BMPBQ,0.268788
2393-DIVAI,0.162575
5192-EBGOV,0.922936
4568-KNYWR,0.032876
8752-IMQOS,0.032307
0742-LAFQK,0.067586
0795-LAFGP,0.027504
0619-OLYUR,0.037538
5512-IDZEI,0.041808
0459-SPZHJ,0.0308
0215-BQKGS,0.19882
9244-ZVAPM,0.611349
0719-SYFRB,0.175742
8208-EUMTE,0.028531
5172-MIGPM,0.273294
1710-RCXUS,0.135136
0374-FIUCA,0.017716
5839-SUYVZ,0.366221
5173-ZXXXL,0.038709
1096-ADRUX,0.066565
2001-MCUUW,0.276683
2731-GJRDG,0.293638
4723-BEGSG,0.021823
6516-NKQBO,0.029274
8672-OAUPW,0.054797
8207-DMRVL,0.027757
3419-SNJJD,0.211461
6543-CPZMK,0.400841
4765-OXPPD,0.087821
2804-ETQDK,0.016849
6689-VRRTK,0.278722
7138-GIRSH,0.033154
9396-ZSFLL,0.220116
6464-KEXXH,0.393399
7134-MJPDY,0.253718
5240-CAOYT,0.115408
4059-IIEBK,0.632158
4881-JVQOD,0.398918
0516-UXRMT,0.112489
4851-BQDNX,0.127248
5148-HKFIR,0.016516
1009-IRMNA,0.096131
3003-CMDUU,0.490026
5016-IBERQ,0.434916
6797-UCJHZ,0.193779
2469-DTSGX,0.044921
4554-YGZIH,0.340438
5099-BAILX,0.424298
9931-KGHOA,0.148913
1775-KWJKQ,0.018727
7665-VIGUD,0.03519
9411-TPQQV,0.083039
7207-RMRDB,0.388575
7954-MLBUN,0.076664
2077-DDHJK,0.021382
4913-EHYUI,0.167345
0195-IESCP,0.758137
9574-BOSMD,0.016996
4580-TMHJU,0.191862
0970-ETWGE,0.843696
4908-XAXAY,0.12338
8404-VLQFB,0.134262
1626-ERCMM,0.673316
0887-HJGAR,0.652583
2391-IPLOP,0.082599
5644-PDMZC,0.756108
3509-GWQGF,0.247471
9576-ANLXO,0.536726
2024-BASKD,0.864575
5845-BZZIB,0.016769
1140-UKVZG,0.077836
4160-AMJTL,0.129874
5183-SNMJQ,0.534197
8100-PNJMH,0.022853
7838-LAZFO,0.059664
4464-JCOLN,0.044117
2085-JVGAD,0.044931
5650-VDUDS,0.444796
8095-WANWK,0.235685
3030-ZKIWL,0.367006
9565-FLVCG,0.027237
8755-OGKNA,0.015216
2800-VEQXM,0.630152
7538-GWHML,0.573258
5533-RJFTJ,0.192368
3859-CVCET,0.341292
0214-JHPFW,0.025713
5642-MHDQT,0.030985
3088-FVYWK,0.016495
3276-HDUEG,0.788841
9092-GDZKO,0.077519
0823-HSCDJ,0.340891
3729-OWRVL,0.089636
2324-AALNO,0.032085
0822-GAVAP,0.752103
5760-IFJOZ,0.705207
2826-UWHIS,0.263731
1448-PWKYE,0.794194
7501-IWUNG,0.02844
4957-TREIR,0.249757
7251-LJBQN,0.370685
8040-MNRTF,0.739884
1536-HBSWP,0.454872
5313-FPXWG,0.038534
0067-DKWBL,0.53509
0946-FKYTX,0.073163
5076-YVXCM,0.221069
8262-COGGB,0.287522
6663-JOCQO,0.062064
9620-QJREV,0.027232
2276-YDAVZ,0.728901
2682-KEVRP,0.047397
2480-JZOSN,0.426624
0078-XZMHT,0.036148
5896-NPFWW,0.594411
9978-HYCIN,0.139576
8338-QIUNR,0.017479
1525-LNLOJ,0.045567
9450-TRJUU,0.433027
1766-GKNMI,0.596075
6942-LBFDP,0.18078
1456-TWCGB,0.256797
7133-VBDCG,0.194392
7596-ZYWBB,0.018711
8329-UTMVM,0.338082
3014-WJKSM,0.264071
3347-YJZZE,0.184516
1029-QFBEN,0.200559
7929-DMBCV,0.328193
9661-JALZV,0.019953
5433-KYGHE,0.357881
4312-KFRXN,0.012763
5575-TPIZQ,0.235808
0114-IGABW,0.026948
9944-AEXBM,0.400737
1853-ARAAQ,0.241855
6952-OMNWB,0.234325
4697-LUPSU,0.048855
8434-VGEQQ,0.013797
4952-YSOGZ,0.819969
1589-AGTLK,0.506281
5244-IRFIH,0.605993
6549-YMFAW,0.136333
4950-HKQTE,0.024592
6786-OBWQR,0.716974
2684-EIWEO,0.25872
2753-JMMCV,0.03397
6439-GTPCA,0.278506
6621-YOBKI,0.097051
1216-JWVUX,0.335115
7564-GHCVB,0.031345
1173-NOEYG,0.325769
7595-EHCDL,0.174394
6647-ZEDXT,0.190607
2521-NPUZR,0.043175
1307-TVUFB,0.377342
7503-MIOGA,0.028487
4381-MHQDC,0.034645
6923-JHPMP,0.592569
5138-WVKYJ,0.669161
4018-PPNDW,0.016076
1635-FJFCC,0.387278
2499-AJYUA,0.047209
6919-ELBGL,0.03378
3966-HRMZA,0.585765
6425-JWTDV,0.016033
8405-IGQFX,0.077426
8224-IVVPA,0.111971
9477-LGWQI,0.041488
1410-RSCMR,0.134169
3115-CZMZD,0.051816
0139-IVFJG,0.601732
6683-VLCTZ,0.701995
5730-DBDSI,0.013948
0030-FNXPP,0.148972
2189-WWOEW,0.514614
5684-FJVYR,0.017509
4013-GUXND,0.357825
1894-IGFSG,0.385859
7379-POKDZ,0.622911
1266-NZYUI,0.015859
7969-FFOWG,0.013134
4718-DHSMV,0.465353
5175-WLYXL,0.314168
7817-OMJNA,0.049759
8728-SKJLR,0.38596
3137-NYQQI,0.072404
7706-DZNKK,0.095121
0236-HFWSV,0.687513
3900-AQPHZ,0.306496
5842-POCOP,0.514608
2037-XJFUP,0.269773
8823-RLPWL,0.056108
9505-SQFSW,0.506666
7314-OXENN,0.839899
3758-CKOQL,0.106888
0322-CHQRU,0.437894
5676-CFLYY,0.025789
7521-AFHAB,0.217303
0285-INHLN,0.10918
4678-DVQEO,0.595425
5125-CNDSP,0.034087
0691-IFBQW,0.394916
4992-LTJNE,0.029776
2202-OUTMO,0.112406
0810-BDHAW,0.101267
0229-LFJAF,0.017759
7131-ZQZNK,0.028649
3442-ZHHCC,0.066127
5726-CVNYA,0.027919
9871-ELEYA,0.029265
4257-GAESD,0.368668
5173-WXOQV,0.390045
2040-OBMLJ,0.059069
6286-ZHAOK,0.085145
3807-XHCJH,0.326434
3009-JWMPU,0.248453
5671-RQRLP,0.075133
1450-GALXR,0.828142
8859-AXJZP,0.016316
3174-AKMAS,0.033855
3138-BKYAV,0.633209
9926-PJHDQ,0.039059
7382-DFJTU,0.107775
2798-NYLMZ,0.107091
4289-DTDKW,0.518705
1820-TQVEV,0.811605
2239-JALAW,0.335893
4853-RULSV,0.055106
8098-TDCBU,0.024034
3551-GAEGL,0.052032
4785-NKHCX,0.115112
3196-NVXLZ,0.443824
6275-YDUVO,0.761524
0036-IHMOT,0.204112
0115-TFERT,0.46503
4178-EGMON,0.021867
4220-TINQT,0.345134
5318-YKDPV,0.032126
7975-TZMLR,0.374977
0295-QVKPB,0.336771
4335-BSMJS,0.017377
2311-QYMUQ,0.470563
3643-AHCFP,0.798494
9146-JRIOX,0.082283
3104-OWCGK,0.071859
5337-IIWKZ,0.255606
9101-BWFSS,0.167051
9650-VBUOG,0.016107
3487-EARAT,0.033187
2672-TGEFF,0.453951
9231-ZJYAM,0.74261
4250-WAROZ,0.236273
8184-WMOFI,0.041525
6982-SSHFK,0.455179
6092-QZVPP,0.122185
4625-LAMOB,0.016476
0727-BMPLR,0.275323
0392-BZIUW,0.09126
1038-ZAGBI,0.04321
6549-NNDYT,0.254338
3027-ZTDHO,0.873252
0422-OHQHQ,0.040186
6916-HIJSE,0.024331
2316-ESMLS,0.081105
9778-OGKQZ,0.015181
7408-OFWXJ,0.017911
6007-TCTST,0.02613
2252-NKNSI,0.029195
8713-IGZSO,0.179191
7905-TVXTA,0.224379
7695-PKLCZ,0.014048
2382-BCKQJ,0.287306
8374-UULRV,0.022628
2207-NHRJK,0.51071
3224-DFQNQ,0.061394
5275-PMFUT,0.017256
4795-UXVCJ,0.027195
9777-IQHWP,0.040561
0947-MUGVO,0.544069
9944-HKVVB,0.686888
4124-MMETB,0.553411
3671-SHRSP,0.463977
0979-MOZQI,0.046725
2732-ISEZX,0.127668
3313-QKNKB,0.131824
0323-XWWTN,0.033548
1937-OTUKY,0.047444
1573-LGXBA,0.159545
1764-VUUMT,0.017572
5073-WXOYN,0.287633
4713-ZBURT,0.127219
3050-GBUSH,0.609401
0207-MDKNV,0.492626
7876-AEHIG,0.063085
7945-HLKEA,0.058772
9342-VNIMQ,0.160357
9851-KIELU,0.573889
3523-BRGUW,0.039239
3908-BLSYF,0.581878
3199-NPKCN,0.196099
5170-PTRKA,0.04627
4661-NJEUX,0.506515
2123-AGEEN,0.691
1258-YMZNM,0.474905
0048-LUMLS,0.101665
7549-MYGPK,0.276268
5898-IGSLP,0.274613
3804-RVTGV,0.347902
6259-WJQLC,0.45744
9227-LUNBG,0.447221
7997-EASSD,0.041994
0730-KOAVE,0.336397
8975-SKGRX,0.040643
0678-RLHVP,0.150032
4315-MURBD,0.57112
2267-FPIMA,0.245935
1051-GEJLJ,0.588898
9734-YWGEX,0.711566
2719-BDAQO,0.41246
5285-MVEHD,0.271151
0379-DJQHR,0.031925
0781-LKXBR,0.845574
5543-QDCRY,0.46566
0297-RBCSG,0.098097
4694-PHWFW,0.09807
0835-JKADZ,0.087254
1907-UBQFC,0.618478
7508-SMHXL,0.540266
3865-YIOTT,0.175073
5993-BQHEA,0.037429
6024-RUGGH,0.014656
6513-EECDB,0.888336
3956-CJUST,0.336595
4079-WWQQQ,0.018471
6103-BOCOU,0.551463
5149-TGWDZ,0.364724
7471-WNSUF,0.026066
8942-DBMHZ,0.076517
4301-VVZKA,0.553838
9199-PWQVC,0.063537
4824-GUCBY,0.290951
5393-HJZSM,0.105118
7074-IEVOJ,0.664541
9625-QSTYE,0.530327
0862-PRCBS,0.060276
8812-ZRHFP,0.141082
5146-CBVOE,0.310934
0454-OKRCT,0.053467
5787-KXGIY,0.014524
4750-ZRXIU,0.859234
4198-VFOEA,0.071311
6630-UJZMY,0.796672
5709-LVOEQ,0.106702
6400-BWQKW,0.57879
2692-AQCPF,0.131412
0347-UBKUZ,0.077619
0835-DUUIQ,0.026363
0811-GSDTP,0.228042
7567-ECMCM,0.376999
6115-ZTBFQ,0.019154
6353-BRMMA,0.367745
6680-WKXRZ,0.582319
6231-WFGFH,0.240327
9904-EHEVJ,0.508366
7028-DVOIQ,0.661725
6169-PPETC,0.016438
4208-UFFGW,0.48994
8584-KMVXD,0.401213
8467-WYNSR,0.074218
0851-DFJKB,0.190971
5382-SOYZL,0.632623
9448-REEVD,0.426868
3261-CQXOL,0.015221
8388-FYNPZ,0.229565
4002-BQWPQ,0.093477
5651-YLPRD,0.436592
2826-DXLQO,0.277824
4378-BZYFP,0.04055
9489-UTFKA,0.190533
4849-PYRLQ,0.035996
9117-SHLZX,0.593128
9889-TMAHG,0.600467
4541-RMRLG,0.079592
7764-BDPEE,0.158107
3429-IFLEM,0.017339
3158-MOERK,0.868822
7294-TMAOP,0.804542
5002-GCQFH,0.243619
0556-FJEGU,0.022732
8919-FYFQZ,0.341293
0604-THJFP,0.033874
2834-JRTUA,0.058341
5875-YPQFJ,0.837706
5879-SESNB,0.5367
6646-QVXLR,0.325837
6461-PPAXN,0.050001
3318-ISQFQ,0.072982
1106-HRLKZ,0.016039
2483-XSSMZ,0.088032
8603-IJWDN,0.87781
8165-ZJRNM,0.009747
9369-XFEHK,0.443677
2604-XVDAM,0.181274
3717-OFRTN,0.264974
9046-JBFWA,0.05428
3280-NMUVX,0.026536
1206-EHBDD,0.035453
8361-LBRDI,0.018025
4883-KCPZJ,0.023603
9108-EQPNQ,0.023596
7277-KAMWT,0.024095
3842-IYKUE,0.243052
6641-XRPSU,0.261889
1374-DMZUI,0.805469
2545-LXYVJ,0.013178
3234-VKACU,0.442175
8357-EQXFO,0.755565
1989-PRJHP,0.451075
8120-JDCAM,0.547728
8917-FAEMR,0.020988
7047-YXDMZ,0.049336
2858-EIMXH,0.310708
9524-EGPJC,0.510971
6993-OHLXR,0.547587
8818-XYFCQ,0.353848
6419-ZTTLE,0.064471
0929-HYQEW,0.356381
6614-YOLAC,0.016749
7426-RHZGU,0.633031
4065-JJAVA,0.460638
4695-VADHF,0.213816
3863-IUBJR,0.113867
7649-SIJJF,0.022255
9361-YNQWJ,0.023892
3748-FVMZZ,0.583954
9391-TTOYH,0.064336
1452-XRSJV,0.09352
3422-WJOYD,0.040502
8242-SOQUO,0.714932
7460-ITWWP,0.42598
7147-AYBAA,0.272939
7868-TMWMZ,0.056229
4822-RVYBB,0.848538
6732-FZUGP,0.071619
8436-BJUMM,0.535485
4184-TJFAN,0.482173
8329-GWVPJ,0.227574
1352-VHKAJ,0.117619
4145-UQXUQ,0.746909
2632-TACXW,0.016794
8146-QQKZH,0.021088
1767-CJKBA,0.015855
6445-TNRXS,0.076765
4581-LNWUM,0.362289
4869-EPIUS,0.160133
9948-YPTDG,0.25719
1236-WFCDV,0.439091
1915-OAKWD,0.037366
7296-PIXQY,0.455123
4883-QICIH,0.240187
3354-OADJP,0.069946
3524-WQDSG,0.428949
0810-DHDBD,0.047761
4026-SKKHW,0.334235
2829-HYVZP,0.032995
8329-IBCTI,0.297291
1271-SJBGZ,0.331292
3845-JHAMY,0.356905
7013-PSXHK,0.105307
5669-SRAIP,0.495185
5981-ITEMU,0.391427
3486-NPGST,0.027818
6941-PMGEP,0.73667
1624-WOIWJ,0.446947
2074-GKOWZ,0.770884
0376-YMCJC,0.345095
6100-FJZDG,0.030121
4829-ZLJTK,0.082065
1730-VFMWO,0.108034
7143-BQIBA,0.127862
3800-LYTRK,0.053442
0634-SZPQA,0.379137
9646-NMHXE,0.014223
7030-NJVDP,0.329888
5536-RTPWK,0.355209
8883-GRDWQ,0.051393
6166-ILMNY,0.534976
3097-NNSPB,0.503794
7771-ZONAT,0.046979
0655-RBDUG,0.835172
2111-DWYHN,0.308347
4194-WHFCB,0.20197
4121-AGSIN,0.031393
4361-BKAXE,0.327194
9845-PEEKO,0.065158
0455-XFASS,0.621561
0301-KOBTQ,0.020281
1751-NCDLI,0.546653
4367-NUYAO,0.018889
9878-TNQGW,0.787827
9170-ARBTB,0.024816
4441-NIHPT,0.573468
8999-BOHSE,0.679071
7241-AJHFS,0.178861
7029-RPUAV,0.626868
4546-FOKWR,0.423825
9036-CSKBW,0.210558
5832-TRLPB,0.081671
8590-YFFQO,0.015688
8659-IOOPU,0.0388
1338-CECEE,0.050964
7439-DKZTW,0.894157
4646-QZXTF,0.226406
4607-CHPCA,0.270486
9742-XOKTS,0.055343
6921-OZMFH,0.388689
9578-FOMUK,0.147759
4712-UYOOI,0.070056
8824-RWFXJ,0.37975
7722-CVFXN,0.368076
8717-VCTXJ,0.0291
7363-QTBIW,0.628431
4159-NAAIX,0.067027
0971-QIFJK,0.018099
9397-TZSHA,0.015296
3391-JSQEW,0.170263
0343-QLUZP,0.02886
9763-PDTKK,0.577433
2176-LVPNX,0.022507
7627-JKIAZ,0.35319
3312-UUMZW,0.441373
1271-UODNO,0.05028
8461-EFQYM,0.052635
6900-RBKER,0.068487
6891-JPYFF,0.304857
1459-QNFQT,0.025047
1047-NNCBF,0.253131
3696-XRIEN,0.06955
4081-DYXAV,0.180703
0074-HDKDG,0.047774
8791-GFXLZ,0.229601
8111-SLLHI,0.507037
0927-LCSMG,0.436659
9330-DHBFL,0.039035
0098-BOWSO,0.078593
3452-ABWRL,0.416995
5859-HZYLF,0.021927
8257-RZAHR,0.253212
5293-WXJAK,0.846013
3156-QLHBO,0.122803
2208-NQBCT,0.269889
1779-PWPMG,0.038519
6621-NRZAK,0.01631
0831-JNISG,0.012184
0774-IFUVM,0.197738
3082-WQRVY,0.037431
9553-DLCLU,0.057924
1641-BYBTK,0.081641
2460-NGXBJ,0.596728
2446-ZKVAF,0.160392
0841-NULXI,0.764342
3522-CDKHF,0.276768
1430-SFQSA,0.046534
0411-EZJZE,0.677232
7851-WZEKY,0.867996
8844-TONUD,0.582424
8807-ARQET,0.29649
8992-CEUEN,0.213169
4320-QMLLA,0.16934
8777-PVYGU,0.054082
8292-ITGYJ,0.01917
6870-ZWMNX,0.038748
0621-CXBKL,0.013416
5268-DSMNQ,0.150888
5334-JLAXU,0.184673
4086-YQSNZ,0.694584
6242-MBHPK,0.600662
5868-CZJDR,0.639616
9359-UGBTK,0.041537
0135-NMXAP,0.515587
4782-OSFXZ,0.027419
6479-OAUSD,0.02851
7129-ACFOG,0.429876
4189-NAKJS,0.072079
5562-BETPV,0.117408
1282-IHQAC,0.082604
9127-FHJBZ,0.034809
6270-OMFIW,0.167616
1641-RQDAY,0.635825
0107-WESLM,0.386422
6994-ORCWG,0.116632
1346-UFHAX,0.473163
3992-YWPKO,0.695294
2933-XEUJM,0.034457
0125-LZQXK,0.704214
5461-QKNTN,0.348814
4835-YSJMR,0.034873
8399-YNDCH,0.225332
3164-YAXFY,0.261077
0887-WBJVH,0.152096
4660-IRIBM,0.246888
5673-FSSMF,0.807757
7670-ZBPOQ,0.043446
8089-UZWLX,0.068239
0080-OROZO,0.340375
3916-NRPAP,0.687703
6807-SIWJI,0.315078
8221-HVAYI,0.021376
1579-KLYDT,0.740865
5232-NXPAY,0.032023
8967-SZQAS,0.196535
4468-KAZHE,0.365177
0455-ENTCR,0.033613
8944-AILEF,0.097118
5542-NKVRU,0.021723
7126-RBHSD,0.349635
5370-IIVVL,0.262894
6789-HJBWG,0.261499
3927-NLNRY,0.134599
9087-EYCPR,0.014068
6791-YBNAK,0.187532
6358-LYNGM,0.864314
6077-BDPXA,0.622728
0013-MHZWF,0.206935
5494-HECPR,0.90381
8268-YDIXR,0.087028
9824-BEMCV,0.470431
1373-ORVIZ,0.326848
4291-SHSBH,0.517523
6980-IMXXE,0.016934
9866-QEVEE,0.422468
9897-KXHCM,0.709382
0040-HALCW,0.018047
0784-GTUUK,0.028274
7979-CORPM,0.478163
2294-DMMUS,0.153443
0872-JCPIB,0.183664
3055-MJDSB,0.396367
9091-WTUUY,0.023007
1618-CFHME,0.800692
3165-HDOEW,0.569172
6581-NQCBA,0.366032
7115-IRDHS,0.013675
8496-DMZUK,0.103356
2040-VZIKE,0.349642
9068-VPWQQ,0.026146
0178-SZBHO,0.269351
0384-RVBPI,0.114761
1689-MRZQR,0.394165
1299-AURJA,0.015759
4525-VZCZG,0.307624
1543-LLLFT,0.150636
5835-BEQEU,0.759451
2788-CJQAQ,0.034504
5565-FILXA,0.788064
0319-QZTCO,0.496295
2120-SMPEX,0.068939
0096-FCPUF,0.140063
0668-OGMHD,0.218628
5552-ZNFSJ,0.525365
2223-KAGMX,0.085689
6507-ZJSUR,0.485499
9408-HRXRK,0.541514
5593-SUAOO,0.092247
7321-PKUYW,0.629146
2833-SLKDQ,0.342527
6766-HFKLA,0.088814
7595-EUIVN,0.764775
7617-EYGLW,0.2615
2026-TGDHM,0.643044
9220-ZNKJI,0.051502
4030-VPZBD,0.713924
2226-ICFDO,0.022314
0723-VSOBE,0.184521
5529-GIBVH,0.013945
4187-CINZD,0.176719
9992-UJOEL,0.620328
4741-WWJQZ,0.642503
6625-UTXEW,0.296679
6818-WOBHJ,0.22488
6244-BESBM,0.046116
1004-NOZNR,0.121902
1251-STYSZ,0.625221
2612-PHGOX,0.036517
2408-TZMJL,0.175624
8480-PPONV,0.070382
8780-IHCRN,0.01429
4598-ZADCK,0.06599
1257-SXUXQ,0.08443
9681-KYGYB,0.329875
7182-OVLBJ,0.125377
5095-ETBRJ,0.024615
7005-CYUIL,0.021904
4821-WQOYN,0.010367
4730-AWNAU,0.05714
3452-FLHYD,0.031092
2388-LAESQ,0.029505
9531-NSBMR,0.028431
6260-ONULR,0.715571
4389-UEFCZ,0.056647
8711-LOBKY,0.014451
9134-CEQMF,0.737433
8985-OOPOS,0.283789
8800-ZKRFW,0.447816
2616-FLVQC,0.017008
9968-FFVVH,0.027556
3108-PCCGG,0.034396
7993-PYKOF,0.325163
8390-FESFV,0.033796
3022-BEXHZ,0.162246
5027-XWQHA,0.252403
6248-TKCQV,0.026391
6729-GDNGC,0.346729
6198-ZFIOJ,0.585977
5989-OMNJE,0.056441
4566-QVRRW,0.243519
1291-CUOCY,0.049178
9795-SHUHB,0.021393
3230-IUALN,0.029716
0042-RLHYP,0.015753
8519-IMDHU,0.673668
4945-RVMTE,0.170772
0201-OAMXR,0.104483
1866-NXPSP,0.060465
3372-KWFBM,0.686162
7831-QGOXH,0.572991
6393-WRYZE,0.628234
3941-XTSKM,0.125604
1661-CZBAU,0.060056
6599-RCLCJ,0.383418
9831-BPFRI,0.0828
5158-RIVOP,0.020517
9788-YTFGE,0.101021
9277-JOOMO,0.153359
1907-YLNYW,0.21111
1725-MIMXW,0.344452
8947-YRTDV,0.090516
3161-ONRWK,0.029754
0114-RSRRW,0.100123
4565-NLZBV,0.011987
0031-PVLZI,0.111728
7206-GZCDC,0.846793
6682-VCIXC,0.043688
4791-QRGMF,0.205231
6475-VHUIZ,0.131131
3910-MRQOY,0.012849
0661-WCQNQ,0.048492
7537-RBWEA,0.678556
4656-CAURT,0.01487
0121-SNYRK,0.053978
1768-ZAIFU,0.84368
4671-LXRDQ,0.513974
3733-LSYCE,0.334962
6265-FRMTQ,0.016822
1934-SJVJK,0.373816
3838-OZURD,0.342856
1371-DWPAZ,0.036232
9269-CQOOL,0.480736
2017-CCBLH,0.023135
7690-KPNCU,0.06434
0536-BGFMZ,0.057441
2293-IJWPS,0.270089
2845-HSJCY,0.610075
5469-NUJUR,0.022648
1184-PJVDB,0.66821
2625-TRCZQ,0.312503
4102-HLENU,0.019654
7266-GSSJX,0.122281
7722-VJRQD,0.021944
7073-QETQY,0.030534
9415-DPEWS,0.60742
5624-RYAMH,0.171772
0196-JTUQI,0.499985
7130-YXBRO,0.387005
9272-LSVYH,0.383309
7943-RQCHR,0.806811
3793-MMFUH,0.724954
3249-ZPQRG,0.637839
2568-BRGYX,0.652033
3084-DOWLE,0.011806
1084-MNSMJ,0.02664
7721-JXEAW,0.286775
7249-WBIYX,0.757429
4238-HFHSN,0.309047
6250-CGGUN,0.083899
5478-JJVZK,0.107941
7596-IIWYC,0.025049
6567-HOOPW,0.906424
9793-WECQC,0.317719
4291-HPAXL,0.38407
8999-YPYBV,0.027501
1839-FBNFR,0.017366
3164-AALRN,0.166416
3071-MVJCD,0.019225
1697-BCSHV,0.144423
0562-KBDVM,0.030199
1131-SUEKT,0.146608
3717-OEAUQ,0.525772
4538-WNTMJ,0.026308
3334-CTHOL,0.567365
4704-ERYFC,0.397238
9432-RUVSL,0.089294
8060-HIWJJ,0.029884
7684-XSZIY,0.014827
9089-UOWJG,0.242419
8621-MNIHH,0.540045
8039-ACLPL,0.027535
9885-AIBVB,0.515409
1934-MKPXS,0.026944
2592-YKDIF,0.196695
2272-JKMSI,0.166705
0471-LVHGK,0.188937
9518-RWHZL,0.18275
8714-CTZJW,0.644985
3569-EDBPQ,0.355935
3131-NWVFJ,0.03539
7521-YXVZY,0.213229
5419-CONWX,0.789638
6240-EURKS,0.391753
2373-NTKOD,0.386046
1970-KKFWL,0.018904
6960-HVYXR,0.859895
9337-SRRNI,0.015681
0895-UADGO,0.045198
5678-VFNEQ,0.14593
5977-CKHON,0.32592
7024-OHCCK,0.821838
2692-BUCFV,0.584198
7861-UVUFT,0.564698
1830-GGFNM,0.031758
5302-BDJNT,0.369093
5223-UZAVK,0.122131
4859-ZSRDZ,0.054312
5651-WYIPH,0.267661
9350-VLHMB,0.230808
3498-LZGQZ,0.01385
8785-CJSHH,0.379649
5357-TZHPP,0.710991
3870-SPZSI,0.058999
0680-DFNNY,0.792959
7560-QRBXH,0.029314
7077-XJMET,0.275737
8752-GHJFU,0.047398
6896-SRVYQ,0.278721
7767-UXAGJ,0.682907
4652-ODEVH,0.018451
6510-UPNKS,0.033097
6718-BDGHG,0.105661
9046-DQMTP,0.05718
6439-LAJXL,0.112362
1571-SAVHK,0.752511
9052-VKDUW,0.256824
9546-CQJSU,0.872437
1666-JZPZT,0.105387
5777-KJIRB,0.068484
0506-LVNGN,0.521482
7677-SJJJK,0.04721
2480-EJWYP,0.264696
3253-HKOKL,0.201062
7055-HNEOJ,0.394935
5514-YQENT,0.152866
3211-AAPKX,0.631992
8445-DNBAE,0.606704
2951-QOQTK,0.658556
2958-NHPPS,0.072642
6806-YDEUL,0.129933
1735-XMJVH,0.084256
6890-PFRQX,0.148542
0222-CNVPT,0.253666
5899-OUVKV,0.478111
8681-ICONS,0.062618
1621-YNCJH,0.141051
3473-XIIIT,0.724141
6362-QHAFM,0.441566
7893-IXHRQ,0.256638
3070-BDOQC,0.084403
2952-QAYZF,0.770073
6234-PFPXL,0.363994
9824-QCJPK,0.026252
4763-PGDPO,0.5172
4283-IVYCI,0.112699
1866-OBPNR,0.771554
8205-MQUGY,0.244361
8970-ANWXO,0.110059
9480-BQJEI,0.078149
5394-SVGJV,0.262218
6979-TNDEU,0.091616
9777-WJJPR,0.335773
9283-LZQOH,0.519604
7079-QRCBC,0.69693
9495-SKLKD,0.353517
6048-UWKAL,0.090052
5067-DGXLL,0.130814
5469-CTCWN,0.263935
9851-QXEEQ,0.559828
6281-FKEWS,0.204014
8898-KASCD,0.061033
9242-TKFSV,0.025392
9290-SHCMB,0.767217
0743-HNPFG,0.039581
2277-BKJKN,0.108736
9809-IMGCQ,0.773446
5208-HFSBT,0.293674
5035-PGZXH,0.380422
8695-WDYEA,0.60398
6543-JXSOO,0.042319
8016-ZMGMO,0.068829
8605-ITULD,0.258453
3254-YRILK,0.610825
6416-YJTTB,0.37716
2667-WYLWJ,0.038131
4472-VESGY,0.245862
3195-TQDZX,0.25104
3128-YOVTD,0.152783
0529-ONKER,0.570198
1728-CXQBE,0.381501
7041-TXQJH,0.258161
5014-GSOUQ,0.02058
5724-BIDBU,0.105236
0481-SUMCB,0.450837
1769-GRUIK,0.409606
5240-IJOQT,0.896951
8819-WFGGJ,0.040752
7427-AUFPY,0.016566
2811-POVEX,0.427765
1092-GANHU,0.434675
7898-PDWQE,0.019418
9972-EWRJS,0.013718
9314-IJWSQ,0.726695
0661-XEYAN,0.770277
5799-JRCZO,0.019209
1921-KYSAY,0.129312
6198-RTPMF,0.596689
2924-KHUVI,0.279305
1925-GMVBW,0.111776
7881-EVUAD,0.509141
6184-DYUOB,0.109414
9207-ZPANB,0.051728
5766-XQXMQ,0.111192
9327-QSDED,0.210067
1656-DRSMG,0.223835
3012-VFFMN,0.092563
2984-AFWNC,0.698446
0640-YJTPY,0.015032
8096-LOIST,0.292642
9764-REAFF,0.188445
3703-VAVCL,0.629832
7107-UBYKY,0.081847
4881-GQJTW,0.082751
8519-QJGJD,0.406068
7876-DNYAP,0.015753
7905-NJMXS,0.205394
2882-WDTBA,0.022945
2091-GPPIQ,0.035133
6326-MTTXK,0.709126
5071-FBJFS,0.367859
2796-UUZZO,0.16445
2429-AYKKO,0.012771
9798-OPFEM,0.023106
0330-IVZHA,0.509766
3794-NFNCH,0.161338
5193-QLVZB,0.127754
7114-AEOZE,0.016279
2886-KEFUM,0.204336
5522-NYKPB,0.343536
4237-RLAQD,0.583246
9957-YODKZ,0.75514
6518-KZXCB,0.022818
2245-ADZFJ,0.039963
7776-QGYJC,0.238158
9313-QOLTZ,0.052894
9651-GTSAQ,0.278156
3186-BAXNB,0.647293
4672-FOTSD,0.195048
0637-YLETY,0.647444
9818-XQCUV,0.132089
7338-ERIVA,0.051134
1157-BQCUW,0.860332
8259-NFJTV,0.187043
3223-DWFIO,0.557681
2660-EMUBI,0.795753
6968-GMKPR,0.345074
4751-ERMAN,0.051356
1436-ZMJAN,0.271893
3292-PBZEJ,0.819736
0799-DDIHE,0.237329
3070-FNFZQ,0.017167
2812-SFXMJ,0.366541
7675-OZCZG,0.46976
5014-WUQMG,0.147047
5312-TSZVC,0.036118
2003-CKLOR,0.288007
0993-OSGPT,0.052188
9254-RBFON,0.166432
1205-WNWPJ,0.204071
9391-EOYLI,0.665427
7108-DGVUU,0.10656
2782-JEEBU,0.119793
5127-BZENZ,0.046235
2720-FVBQP,0.349611
9906-NHHVC,0.0463
4522-XRWWI,0.060325
3766-EJLFL,0.088159
5939-SXWHM,0.01751
8152-UOBNY,0.429416
7351-KYHQH,0.396016
7643-RCHXS,0.014557
8246-SHFGA,0.059722
8387-MOJJT,0.249549
0620-XEFWH,0.117738
6485-QXWWE,0.016674
2761-OCIAX,0.705272
7321-VGNKU,0.692989
5327-CNLUQ,0.054359
7552-KEYGT,0.01833
5816-JMLGY,0.033816
3068-OMWZA,0.915099
2927-QRRQV,0.20889
6032-KRXXO,0.472639
7459-RRWQZ,0.258848
6265-SXWBU,0.096166
7941-RCJOW,0.017368
6374-NTQLP,0.051467
4154-AQUGT,0.483062
2387-KDZQY,0.03827
3584-WKTTW,0.32738
3399-BMLVW,0.01945
1971-DTCZB,0.02072
3092-IGHWF,0.079528
3374-PZLXD,0.050809
3813-DHBBB,0.023711
2812-REYAT,0.028848
6518-PPLMZ,0.018977
4939-KYYPY,0.168555
8017-LXHFA,0.501044
5930-GBIWP,0.02168
6022-KOUQO,0.457274
6352-TWCAU,0.569365
2361-UPSND,0.053962
6035-RIIOM,0.134889
2929-QNSRW,0.251787
1262-OPMFY,0.445113
9504-DSHWM,0.134043
5035-BVCXS,0.454736
6267-DCFFZ,0.623429
3533-UVMOM,0.028981
2439-LYPMQ,0.583833
4248-QPAVC,0.382452
1899-VXWXM,0.305728
1478-VPOAD,0.531575
9995-HOTOH,0.050644
2988-PLAHS,0.213125
1371-OJCEK,0.029031
4999-IEZLT,0.042065
8883-ANODQ,0.04483
4690-LLKUA,0.344095
2351-RRBUE,0.044926
5980-BDHPY,0.020605
1498-DQNRX,0.059072
9469-WEJBT,0.235849
3331-HQDTW,0.422072
9490-DFPMD,0.526421
2581-VKIRT,0.030411
5442-XSDCW,0.531739
7426-WEIJX,0.189234
2851-MMUTZ,0.087836
3049-NDXFL,0.84001
8580-AECUZ,0.866717
3307-TLCUD,0.159033
6625-FLENO,0.014324
2967-MXRAV,0.067102
7963-GQRMY,0.244454
8189-HBVRW,0.189627
4163-KIUHY,0.103455
1228-FZFRV,0.367619
3500-NSDOA,0.02614
1171-TYKUR,0.091041
3761-FLYZI,0.418924
2058-DCJBE,0.5917
5364-XYIRR,0.492415
4829-AUOAX,0.323496
1219-NNDDO,0.648848
8388-DMKAE,0.029121
4403-BWPAY,0.049085
9659-QEQSY,0.357304
5405-ZMYXQ,0.617642
5047-LHVLY,0.630664
1442-OKRJE,0.218199
4737-AQCPU,0.016361
9158-VCTQB,0.259979
2808-CHTDM,0.021546
6311-UEUME,0.466099
0793-TWELN,0.663125
3283-WCWXT,0.027238
1060-ENTOF,0.11059
0999-QXNSA,0.322377
5451-MHQOF,0.026949
4836-WNFNO,0.009487
9225-BZLNZ,0.053776
0354-VXMJC,0.01531
4422-QVIJA,0.148067
9365-SRSZE,0.478601
6839-ITVZJ,0.154407
8332-OSJDW,0.031285
4735-BJKOU,0.017754
0274-JKUJR,0.176159
5740-YHGTW,0.181386
8917-SZTTJ,0.0237
1696-MZVAU,0.094072
7359-WWYJV,0.032567
0375-HVGXO,0.780482
4906-ZHGPK,0.08001
8593-WHYHV,0.830062
3795-GWTRD,0.020808
1298-PHBTI,0.042242
6223-DHJGV,0.030473
6961-MJKBO,0.01847
6097-EQISJ,0.123655
4423-YLHDV,0.53388
8158-WPEZG,0.222976
0107-YHINA,0.896335
4918-FYJNT,0.186512
0727-BNRLG,0.034227
4854-CIDCF,0.618455
8640-SDGKB,0.376348
3280-MRDOF,0.066759
6435-SRWBJ,0.745945
9964-WBQDJ,0.015207
6303-KFWSL,0.15794
1702-CCFNJ,0.105049
8932-CZHRQ,0.048537
0386-CWRGM,0.019334
5515-RUGKN,0.291352
0404-AHASP,0.01269
7279-NMVJC,0.034531
2081-VEYEH,0.697963
6407-UTSLV,0.777222
4116-TZAQJ,0.353701
9060-HJJRW,0.112548
2587-YNLES,0.027824
7398-SKNQZ,0.757948
5935-FCCNB,0.754089
1958-RNRKS,0.202783
5136-RGMZO,0.206085
8345-MVDYC,0.026265
8226-BXGES,0.037487
3877-JRJIP,0.811233
8375-DKEBR,0.846793
9705-IOVQQ,0.200245
1015-OWJKI,0.256091
7511-YMXVQ,0.494122
2040-XBAVJ,0.032599
7551-JOHTI,0.243477
8887-IPQNC,0.200238
8646-JCOMS,0.063133
9804-ICWBG,0.869031
1222-KJNZD,0.055105
0106-GHRQR,0.335681
5318-IXUZF,0.799004
3768-VHXQO,0.01487
8952-WCVCD,0.171377
2418-TPEUN,0.016084
3963-RYFNS,0.03094
3198-VELRD,0.817212
8540-ZQGEA,0.016476
1320-REHCS,0.446713
4137-JOPHL,0.04156
9436-ZBZCT,0.515305
7801-CEDNV,0.044277
2057-BOYKM,0.018973
3658-QQJYD,0.066675
1803-BGNBD,0.258763
0134-XWXCE,0.089944
6950-TWMYB,0.038707
5848-FHRFC,0.017487
2243-FNMMI,0.057084
2511-MORQY,0.064128
5356-KZCKT,0.020088
9470-XCCEM,0.336543
6519-CFDBX,0.652361
3902-MIVLE,0.024202
0409-WTMPL,0.128572
8763-KIAFH,0.027045
3669-WHAFY,0.030463
3055-VTCGS,0.054409
3144-KMTWZ,0.187882
7279-BUYWN,0.448865
7156-MHUGY,0.626521
7198-GLXTC,0.666128
2007-QVGAW,0.017916
5207-PLSTK,0.518561
2307-FYNNL,0.134209
5605-XNWEN,0.021225
2155-AMQRX,0.14219
6181-AXXYF,0.014827
5091-HFAZW,0.688704
0516-VRYBW,0.028957
2519-LBNQL,0.348986
8623-ULFNQ,0.313226
8380-PEFPE,0.83505
5687-DKDTV,0.177557
1568-LJSZU,0.021191
7530-HDYDS,0.230782
7789-HKSBS,0.412492
7416-CKTEP,0.021764
2586-CWXVV,0.219443
3096-IZETN,0.427545
2348-KCJLT,0.051165
8401-EMUWF,0.129211
4193-IBKSW,0.011892
5377-NDTOU,0.018135
5922-ABDVO,0.38888
2474-LCNUE,0.174694
0839-QNXME,0.015526
3506-OVLKD,0.03265
9172-ANCRX,0.798648
6650-VJONK,0.451465
2178-PMGCJ,0.281935
7492-TAFJD,0.046146
2773-MADBQ,0.037236
6016-LVTJQ,0.04437
7860-KSUGX,0.026181
8966-KZXXA,0.016107
6910-HADCM,0.861058
4816-LXZYW,0.514602
9606-PBKBQ,0.649842
5149-QYTTU,0.031764
2070-XYMFH,0.456281
2085-BOJKI,0.287238
0817-HSUSE,0.653239
5442-PPTJY,0.021708
1927-QEWMY,0.010383
1663-MHLHE,0.256091
5663-QBGIS,0.062146
4450-MDZFX,0.19
6701-DHKWQ,0.035327
7554-AKDQF,0.219433
3536-IQCTX,0.542537
4911-BANWH,0.355343
8496-EJAUI,0.263895
0794-YVSGE,0.014524
5423-BHIXO,0.256295
6908-VVYHM,0.308282
2959-EEXWB,0.179575
1839-UMACK,0.039295
3030-YDNRM,0.64957
7321-KKSDU,0.013622
3402-XRIUO,0.145069
3132-TVFDZ,0.370074
8286-AFUYI,0.399519
8080-DDEMJ,0.596699
8356-WUAOJ,0.706158
6365-MTGZX,0.407283
1349-WXNGG,0.335673
8058-DMYRU,0.48824
9350-ZXYJC,0.034994
6990-YNRIO,0.140089
8958-JPTRR,0.036986
6959-GQEGV,0.221662
3173-WSSUE,0.015012
1265-HVPZB,0.038443
4115-UMJFQ,0.095852
7369-TRPFD,0.069254
1098-KFQEC,0.015501
7190-XHTWJ,0.02546
0621-TWIEM,0.315008
3537-RYBHH,0.183718
2485-ITVKB,0.746819
3669-OYSJI,0.457203
1612-EOHDH,0.536076
6702-OHFWR,0.800212
5296-BFCYD,0.019986
4510-PYUSH,0.160019
9359-JANWS,0.021281
7517-SAWMO,0.338806
4143-HHPMK,0.299826
3279-DYZQM,0.011833
7054-LGEQW,0.526012
0523-VNGTF,0.27189
9575-IWCAZ,0.043624
7105-MXJLL,0.087533
7064-FRRSW,0.30685
7940-UQQUG,0.179497
0923-PNFUB,0.548795
3961-SXAXY,0.515104
7010-BRBUU,0.0125
3566-HJGPK,0.64153
3062-ICYZQ,0.300174
9938-PRCVK,0.017013
0973-KYVNF,0.023604
5129-HHMZC,0.031214
9637-CDTKZ,0.035058
3946-JEWRQ,0.189331
7873-CVMAW,0.020413
0463-WZZKO,0.176031
3494-JCHRQ,0.741229
6474-FVJLC,0.840789
4524-QCSSM,0.189298
5832-EXGTT,0.143727
8840-DQLGN,0.416428
2039-JONDJ,0.052332
7217-JYHOQ,0.08779
6695-FRVEC,0.023876
4547-LYTDD,0.502701
9894-QMIMJ,0.066477
8069-YQQAJ,0.293431
6770-XUAGN,0.321671
4193-ORFCL,0.561397
1636-NTNCO,0.593495
3466-WAESX,0.273173
9281-PKKZE,0.325818
3638-VBZTA,0.02923
7459-IMVYU,0.131454
7776-QWNFX,0.183647
6689-TCZHQ,0.636671
8563-OYMQY,0.497155
0754-EEBDC,0.076757
5777-ZPQNC,0.054791
1951-IEYXM,0.01969
3318-NMQXL,0.712814
3143-ILDAL,0.167133
1022-RKXDR,0.03255
2361-FJWNO,0.065842
2272-UOINI,0.179484
8232-UTFOZ,0.017256
3750-YHRYO,0.042264
6637-KYRCV,0.529415
5668-MEISB,0.065064
0129-QMPDR,0.030779
7188-CBBBA,0.192291
5356-CSVSQ,0.478201
3221-CJMSG,0.125621
4720-VSTSI,0.27558
3219-JQRSL,0.02406
2801-NISEI,0.098742
3946-MHCZW,0.55442
4623-ZKHLY,0.06935
6732-VAILE,0.04473
8201-AAXCB,0.234981
7696-CFTAT,0.017892
1845-CSBRZ,0.439572
2123-VSCOT,0.035001
6651-AZVTJ,0.514782
4566-GOLUK,0.267993
2484-DGXPZ,0.050663
2018-QKYGT,0.84463
2792-VPPET,0.295138
7409-JURKQ,0.245786
3247-MHJKM,0.489794
1964-SVLEA,0.030337
4587-NUKOX,0.457281
7297-DVYGA,0.031273
2239-CGBUZ,0.052474
0854-UYHZD,0.021784
7243-LCGGZ,0.336818
8267-KFGYD,0.301857
4890-VMUAV,0.037647
9261-WDCAF,0.387113
3764-MNMOI,0.016927
7442-YGZFK,0.492546
0420-BWTPW,0.217677
8229-BUJHX,0.012301
7449-HVPIV,0.282737
5504-WSIUR,0.035229
8183-ONMXC,0.646529
8466-PZBLH,0.084757
9614-RMGHA,0.177562
8735-IJJEG,0.193892
0564-MUUQK,0.334054
5054-IEXZT,0.791814
5834-ASPWA,0.872958
0701-RFGFI,0.362036
0019-EFAEP,0.038247
5619-PTMIK,0.150612
3737-XBQDD,0.327636
5882-CMAZQ,0.226735
5846-QFDFI,0.22542
4445-KWOKW,0.060811
3511-APPBJ,0.254176
7967-HYCDE,0.370984
2430-RRYUW,0.045213
3948-XHGNA,0.118345
3723-BFBGR,0.213223
0565-IYCGT,0.039244
5447-WZAFP,0.17329
5110-CHOPY,0.072686
5445-UTODQ,0.655128
4425-OWHWB,0.032579
7892-QVYKW,0.427401
9675-ICXCT,0.028915
1024-VRZHF,0.678554
4703-MQYKT,0.017507
9497-QCMMS,0.924582
5692-ICXLW,0.57163
0602-DDUML,0.024517
2208-MPXIO,0.017702
1960-UYCNN,0.798466
0348-SDKOL,0.302668
3190-FZATL,0.055219
7336-RLLRH,0.06422
4373-MAVJG,0.587942
8901-HJXTF,0.177527
7710-JSYOA,0.052248
5419-KLXBN,0.340932
3424-NMNBO,0.251603
9885-MFVSU,0.035293
4514-GFCFI,0.709351
0607-MVMGC,0.082008
3365-SAIGS,0.577124
9828-AOQLM,0.683344
8022-BECSI,0.030939
8000-REIQB,0.80279
9993-LHIEB,0.020611
0266-CLZKZ,0.111975
7615-ESMYF,0.659515
3858-VOBET,0.448163
7020-OZKXZ,0.526996
3977-QCRSL,0.116435
0017-DINOC,0.036272
1447-PJGGA,0.124552
8565-CLBZW,0.337027
9139-WQQDY,0.179199
0224-HJAPT,0.35185
8086-OVPWV,0.799735
9430-FRQOC,0.656795
7639-OPLNG,0.022044
3074-GQWYX,0.602422
1492-QGCLU,0.195094
6845-RGTYS,0.293272
7328-OWMOM,0.027416
4418-LZMSV,0.128195
5155-AZQPB,0.148409
8861-HGGKB,0.62773
1087-GRUYI,0.018691
7065-YUNRY,0.638514
7694-VLBWQ,0.226485
2546-KZAAT,0.063849
0181-RITDD,0.05802
5989-PGKJB,0.539127
4795-KTRTH,0.713078
8272-ONJLV,0.257505
1488-PBLJN,0.029421
0308-GIQJT,0.128304
3778-FOAQW,0.029046
4452-ROHMO,0.026478
6481-OGDOO,0.05329
3090-LETTY,0.306616
5349-AZPEW,0.423322
3753-TSEMP,0.5117
8305-VHZBZ,0.433934
9720-JJJOR,0.059161
8100-HZZLJ,0.172422
8775-ERLNB,0.841286
8309-IEYJD,0.854356
9172-JITSM,0.510598
6298-QDFNH,0.474049
7398-HPYZQ,0.017619
3546-GHEAE,0.030238
7361-YPXFS,0.161513
6557-BZXLQ,0.408665
2550-QHZGP,0.041104
7519-JTWQH,0.122588
2538-OIMXF,0.422079
8543-MSDMF,0.407789
9961-JBNMK,0.482228
1170-SASML,0.204787
4872-JCVCA,0.030116
5346-BZCHP,0.012726
2038-LLMLM,0.461713
6173-ITPWD,0.245248
9734-UYXQI,0.597875
1216-BGTSP,0.240892
4138-NAXED,0.195079
2189-UXTKY,0.213298
0744-BIKKF,0.020183
7483-IQWIB,0.410063
5248-KWLAR,0.022867
4958-GZWIY,0.240498
7996-MHXLW,0.017591
7833-PKIHD,0.065517
7061-OVMIM,0.028562
5153-RTHKF,0.496983
1852-QSWCD,0.01577
4832-VRBMR,0.227088
9079-LWTFD,0.180597
6356-ELRKD,0.873244
8624-GIOUT,0.12859
3392-EHMNK,0.04783
5986-WWXDV,0.030011
3061-BCKYI,0.073745
6179-GJPSO,0.370362
7901-TBKJX,0.476704
7228-PAQPD,0.097488
3177-LASXD,0.773159
7746-QYVCO,0.054665
5804-HYIEZ,0.408078
9919-FZDED,0.039378
5934-TSSAU,0.354024
3486-KHMLI,0.056424
4897-QSUYC,0.50176
1084-UQCHV,0.70818
8290-YWKHZ,0.586769
2955-BJZHG,0.396913
3806-DXQOM,0.383124
6784-XYJAE,0.112291
3933-DQPWX,0.030298
6661-EIPZC,0.154592
8957-THMOA,0.015839
2251-PYLPB,0.020026
5555-RNPGT,0.082117
1057-FOGLZ,0.061715
9300-RENDD,0.883374
0761-AETCS,0.244708
8087-LGYHQ,0.664198
4137-BTIKL,0.496178
2190-BCXEC,0.27016
6227-FBDXH,0.149264
2153-MREFK,0.204427
2911-WDXMV,0.401262
7206-PQBBZ,0.626459
3106-ULWFW,0.704799
0925-VYDLG,0.659602
4547-FZJWE,0.060674
7422-WNBTY,0.424739
0842-IWYCP,0.113799
3521-HTQTV,0.020047
3744-ZBHON,0.166317
3373-DIUUN,0.014131
8383-SGHJU,0.064078
7607-QKKTJ,0.134879
7707-PYBBH,0.080139
8984-HPEMB,0.039342
4349-GFQHK,0.70252
4139-DETXS,0.017373
9779-DPNEJ,0.488565
9805-FILKB,0.026103
5793-YOLJN,0.016043
0673-IGUQO,0.305203
4123-FCVCB,0.171071
8819-IMISP,0.442635
7802-EFKNY,0.565886
8311-UEUAB,0.061338
5858-EAFCZ,0.427891
8035-BUYVG,0.088011
1163-ONYEY,0.155128
9787-XVQIU,0.872229
8945-MUQUF,0.124697
5656-MJEFC,0.028672
6082-OQFBA,0.025099
8051-HJRLT,0.874669
8974-OVACP,0.546578
4010-YLMVT,0.375699
1379-FRVEB,0.628021
8612-GXIDD,0.027835
6288-CHQJB,0.024708
8160-HOWOX,0.388847
3023-GFLBR,0.343909
6648-INWPS,0.0923
4223-BKEOR,0.063046
4079-VTGLK,0.126172
1763-WQFUK,0.355444
1391-UBDAR,0.462586
8894-JVDCV,0.125019
2023-VQFDL,0.119302
1345-GKDZZ,0.085434
2014-MKGMH,0.464373
5628-FCGYG,0.560371
2560-WBWXF,0.019489
0248-IPDFW,0.637027
7978-DKUQH,0.404029
4335-UPJSI,0.01749
0524-IAVZO,0.530982
2737-YNGYW,0.786062
1784-EZDKJ,0.321878
9297-FVVDH,0.044084
8007-YYPWD,0.029729
7101-HRBLJ,0.020465
5159-YFPKQ,0.722977
6635-CPNUN,0.386721
4021-RQSNY,0.734754
5453-YBTWV,0.052126
5039-LZRQT,0.03798
2931-VUVJN,0.131826
9061-TIHDA,0.815229
8699-ASUFO,0.646605
6418-PIQSP,0.025692
8220-OCUFY,0.08015
3995-WFCSM,0.521477
1895-QTKDO,0.430531
2038-OEQZH,0.58949
1178-PZGAB,0.03204
7927-AUXBZ,0.297478
2626-VEEWG,0.016927
2878-RMWXY,0.047962
1657-DYMBM,0.018217
7311-MQJCH,0.06693
7375-WMVMT,0.07317
1136-XGEQU,0.079447
2530-FMFXO,0.158103
6844-DZKRF,0.37382
4695-WJZUE,0.855058
7619-ODSGN,0.180006
5970-GHJAW,0.016813
8879-XUAHX,0.037612
3689-MOZGR,0.278548
4195-PNGZS,0.016779
5003-XZWWO,0.035804
3988-RQIXO,0.896145
7622-FWGEW,0.035739
6922-NCEDI,0.023256
2514-GINMM,0.8966
9891-NQDBD,0.028632
6131-IUNXN,0.060852
8548-AWOFC,0.125533
9798-DRYDS,0.095389
8532-UEFWH,0.015762
6296-DDOOR,0.116196
7951-VRDVK,0.076435
5931-FLJJF,0.504637
4815-YOSUK,0.067164
2659-VXMWZ,0.171348
0380-NEAVX,0.320521
3207-OYBWH,0.292212
4285-GYRQC,0.679023
7216-EWTRS,0.9506
4365-MSDYN,0.108967
7036-TYDEC,0.102136
5802-ADBRC,0.315599
8076-FEZKJ,0.039151
5197-YPYBZ,0.023172
8337-MSSXB,0.609838
4312-GVYNH,0.026041
8495-LJDFO,0.19582
0839-JTCUD,0.020914
5494-WOZRZ,0.022515
1302-UHBDD,0.40577
2234-EOFPT,0.020754
8619-IJNDK,0.012852
8378-LKJAF,0.449611
8182-BJDSI,0.495183
2528-HFYZX,0.464381
1153-GNOLC,0.184941
3298-QEICA,0.031533
0788-DXBFY,0.031525
3597-YASZG,0.102231
3496-LFSZU,0.509132
5242-UOWHD,0.018573
2482-CZGBB,0.552827
6479-SZPLM,0.015485
8097-VBQTZ,0.063564
4500-HKANN,0.028438
9917-KWRBE,0.074019
3420-ZDBMA,0.549945
2212-LYASK,0.120634
1393-IMKZG,0.863672
8069-RHUXK,0.029694
3398-GCPMU,0.017774
2908-WGAXL,0.016328
3378-AJRAO,0.034376
1013-QCWAM,0.445055
0866-QLSIR,0.044749
6050-FFXES,0.103432
7181-BQYBV,0.766528
0362-RAOQO,0.018586
9554-DFKIC,0.124106
5527-ACHSO,0.14976
0829-DDVLK,0.043047
1399-UBQIU,0.379436
1813-JLKWR,0.025877
0336-PIKEI,0.016754
7322-OCWHC,0.016815
9537-VHDTA,0.611945
4957-TIALW,0.052253
2054-PJOCK,0.065239
9150-HEPMB,0.039578
9030-QGZNL,0.024547
6204-IEUXJ,0.527599
3126-WQMGH,0.181948
4529-CKBCL,0.703408
2506-CLAKW,0.568199
7176-WRTNX,0.04865
1583-IHQZE,0.425235
5732-IKGQH,0.317815
9239-GZHZE,0.038141
7205-BAIAD,0.022128
0151-ONTOV,0.739884
4140-MUHUG,0.702104
0093-EXYQL,0.454457
8064-RAVOH,0.65971
0219-QAERP,0.031125
0320-JDNQG,0.429194
7180-PISOG,0.874824
9168-INPSZ,0.476268
3571-RFHAR,0.33679
0015-UOCOJ,0.316319
5334-AFQJB,0.018768
2754-SDJRD,0.949877
9578-VRMNM,0.319341
1587-FKLZB,0.295776
6140-QNRQQ,0.725348
8963-JLGJT,0.28674
4307-KTUMW,0.282389
1465-LNTLJ,0.232874
5440-FLBQG,0.097847
2135-DQWAQ,0.685106
4056-QHXHZ,0.037092
7470-MCQTK,0.348739
7488-MXJIV,0.817908
7401-JIXNM,0.025718
9339-FIIJL,0.02617
2027-FECZV,0.767535
2672-DZUOY,0.798895
4706-DGAHW,0.828374
3870-MQAMG,0.313706
6670-MFRPK,0.058486
6177-PEVRA,0.024494
4800-CZMPC,0.13732
4813-HQMGZ,0.684605
7579-KKLOE,0.018588
7377-DMMRI,0.389907
8402-EIVQS,0.123647
4947-DSMXK,0.412699
7245-NIIWQ,0.589036
0002-ORFBO,0.103964
3324-OIRTO,0.091814
5414-OFQCB,0.059562
4967-WPNCF,0.021804
8552-OBVRU,0.290835
8499-BRXTD,0.027688
9154-QDGTH,0.30699
8197-BFWVU,0.021255
2577-GVSIL,0.112611
9367-OIUXP,0.11859
6770-UAYGJ,0.014917
6463-HHXJR,0.038455
7928-VJYAB,0.601309
1187-WILMM,0.024228
9776-OJUZI,0.279025
1306-RPWXZ,0.017326
8949-JTMAY,0.592514
2774-LVQUS,0.635246
3097-PYWXL,0.152683
2266-SJNAT,0.088833
0869-PAPRP,0.299683
4238-JSSWH,0.494573
2972-YDYUW,0.102459
1104-FEJAM,0.19398
2809-ILCYT,0.037059
5499-ECUTN,0.072537
4981-FLTMF,0.06547
9121-PHQSR,0.660423
3113-IWHLC,0.232416
3211-ILJTT,0.322628
4612-THJBS,0.18097
4277-BWBML,0.011368
4094-NSEDU,0.712639
0234-TEVTT,0.075197
4304-TSPVK,0.065884
1552-AAGRX,0.441353
2637-FKFSY,0.418829
9796-MVYXX,0.048214
7874-ECPQJ,0.155943
0020-INWCK,0.055356
7089-RKVSZ,0.044468
2683-JXWQQ,0.157285
9548-ZMVTX,0.026206
8739-XNIKG,0.800214
9755-JHNMN,0.024431
3981-QSVQI,0.118045
2789-HQBOU,0.736823
9424-CMPOG,0.019347
5067-WJEUN,0.024377
3450-WXOAT,0.143636
9251-WNSOD,0.041307
6974-DAFLI,0.043751
2616-UUTFK,0.14272
7064-JHXCE,0.017094
5103-MHMHY,0.581061
7989-AWGEH,0.188059
4373-VVHQL,0.656789
4559-UWIHT,0.722507
7268-IGMFD,0.385275
1846-XWOQN,0.859252
0235-KGSLC,0.85928
6650-BWFRT,0.034607
9570-KYEUA,0.040393
6993-YGFJV,0.099701
2712-SYWAY,0.448118
0730-BGQGF,0.018098
5498-IBWPI,0.049841
9101-NTIXF,0.20332
0013-SMEOE,0.03703
9314-QDMDW,0.12591
9308-ANMVE,0.163836
2884-GBPFB,0.429314
3757-NJYBX,0.321526
3413-DHLPB,0.180131
7649-PHJVR,0.040063
6114-TCFID,0.04676
3787-TRIAL,0.324048
2573-GYRUU,0.367563
5156-UMKOW,0.32626
1247-QBVSH,0.085116
6734-GMPVK,0.80143
9822-OAOVB,0.751604
6161-ERDGD,0.062407
1226-JZNKR,0.046775
7318-EIVKO,0.403868
3771-PZOBW,0.383122
5136-KCKGI,0.159062
8231-BSWXX,0.07033
6486-LHTMA,0.372031
4083-BFNYK,0.15326
3722-WPXTK,0.846293
7389-KBFIT,0.643822
7176-WIONM,0.384022
5141-ZUVBH,0.520811
1089-HDMKP,0.222371
7623-HKYRK,0.080985
0310-SUCIN,0.032162
5197-PYEPU,0.069771
2929-ERCFZ,0.671521
7548-SEPYI,0.807135
8835-VSDSE,0.659941
6619-RPLQZ,0.014466
3275-RHRNE,0.129645
3503-TYDAY,0.325947
6901-GOGZG,0.048525
1623-NLDOT,0.042525
7021-XSNYE,0.050466
9621-OUPYD,0.032241
9898-KZQDZ,0.426938
8982-NHAVY,0.312864
4307-KWMXE,0.22147
0141-YEAYS,0.477956
2450-ZKEED,0.070149
3694-DELSO,0.380272
3893-JRNFS,0.218223
9603-OAIHC,0.85568
1133-KXCGE,0.030333
5236-PERKL,0.087623
0142-GVYSN,0.08972
1049-FYSYG,0.265593
7854-FOKSF,0.722638
2519-FAKOD,0.381012
8406-LNMHF,0.065777
1821-BUCWY,0.026784
8263-JQAIK,0.660818
0023-UYUPN,0.056909
8314-DPQHL,0.083724
1465-WCZVT,0.180666
9481-SFCQY,0.267532
6360-SVNWV,0.259779
0567-GGCAC,0.160273
7089-IVVAZ,0.778114
8884-MRNSU,0.040456
2171-UDMFD,0.061176
9050-IKDZA,0.702478
2205-YMZZJ,0.761438
9802-CAQUT,0.032349
1254-IZEYF,0.613882
0187-WZNAB,0.18892
9492-TOKRI,0.325229
1475-VWVDO,0.633004
9221-OTIVJ,0.592064
1357-MVDOZ,0.254127
7602-MVRMB,0.026825
3325-FUYCG,0.225655
5908-QMGOE,0.533724
1197-BVMVG,0.798183
5406-KGRMX,0.016379
8481-YYXWG,0.625841
5968-HYJRZ,0.017016
5198-EFNBM,0.165793
7516-GMHUV,0.190003
7140-ADSMJ,0.107786
2230-XTUWL,0.017039
7706-YLMQA,0.02281
2585-KTFRE,0.436501
7994-UYIVZ,0.679695
2609-IAICY,0.8904
1740-CSDJP,0.719647
7717-BICXI,0.014555
6559-RAKOZ,0.307997
2636-OHFMN,0.587141
4716-MRVEN,0.028238
2143-LJULT,0.018707
1323-OOEPC,0.357477
3200-MNQTF,0.019445
6164-HXUGH,0.089441
5630-IXDXV,0.518872
0320-DWVTU,0.035614
9135-MGVPY,0.023052
1212-GLHMD,0.689216
7878-JGDKK,0.300564
1088-AUUZZ,0.022244
0397-GZBBC,0.312062
6614-YWYSC,0.02141
9588-OZDMQ,0.568104
7641-EUYET,0.430393
6476-EPYZR,0.07562
9921-ZVRHG,0.642812
1174-FGIFN,0.255928
6620-HVDUJ,0.063861
4701-MLJPN,0.156831
1032-MAELW,0.046069
7641-TQFHN,0.063939
1552-TKMXS,0.049221
9206-GVPEQ,0.300061
8622-ZLFKO,0.763341
1596-BBVTG,0.289732
6188-UXBBR,0.033481
2333-KWEWW,0.01999
5702-SKUOB,0.12134
1134-YWTYF,0.120787
6061-GWWAV,0.044502
0679-TDGAK,0.079484
6585-WCEWR,0.020338
9067-YGSCA,0.026364
9067-SQTNS,0.02981
8433-WXGNA,0.689894
1776-SPBWV,0.032286
8735-SDUFN,0.011942
9668-PUGNU,0.024579
9405-GPBBG,0.084629
1926-QUZNN,0.010353
3707-GNWHM,0.817906
7016-NVRIC,0.089216
5829-NVSQN,0.049429
9565-AXSMR,0.017788
8922-LIEGH,0.536261
8869-LIHMK,0.047282
8245-UMPYT,0.767579
5186-SAMNZ,0.800893
0447-RXSGD,0.534958
4927-WWOOZ,0.851153
5788-YPOEG,0.030675
5373-SFODM,0.461716
0661-KBKPA,0.07059
9081-WWXKP,0.015749
0784-ZQJZX,0.011483
3133-PZNSR,0.021583
5766-ZJYBB,0.305283
8931-GJJIQ,0.790184
4277-PVRAN,0.605119
0022-TCJCI,0.083159
0722-SVSFK,0.754665
3612-YVGSJ,0.01675
9825-YCXWZ,0.185381
5397-NSKQG,0.044655
8565-HBFNN,0.169641
2000-DHJUY,0.024578
0203-HHYIJ,0.029616
8670-ERCJH,0.03763
7758-UJWYS,0.072932
2050-ONYDQ,0.013917
7055-JCGNI,0.080171
0739-UUAJR,0.034792
4826-DXMUP,0.074451
0952-KMEEH,0.683197
7285-KLOTR,0.189713
0654-PQKDW,0.030894
7175-NTIXE,0.121529
7963-SHNDT,0.023742
9796-BPKIW,0.514888
0188-GWFLE,0.321878
8129-GMVGI,0.015527
2882-DDZPG,0.076067
3547-LQRIK,0.035773
9137-NOQKA,0.339466
5843-TTHGI,0.153957
1849-RJYIG,0.270177
8868-GAGIO,0.205443
4061-UKJWL,0.340597
5380-XPJNZ,0.024379
8263-QMNTJ,0.049187
8178-EYZUO,0.203774
3230-JCNZS,0.033049
0277-ORXQS,0.035073
5130-IEKQT,0.586164
3230-WYKIR,0.10934
7996-BPXHY,0.031036
3227-WLKLI,0.01821
0407-BDJKB,0.329846
2266-FUBDZ,0.020324
8237-ULIXL,0.013612
9600-UDOPK,0.515987
8216-AZUUZ,0.168672
9153-BTBVV,0.015917
4074-SJFFA,0.586066
3269-ATYWD,0.493233
5186-PEIZU,0.054538
1074-AMIOH,0.35887
4910-GMJOT,0.920589
0354-WYROK,0.483966
4361-FEBGN,0.018693
7748-UMTRK,0.595194
0380-ZCSBI,0.085826
7145-FEJWU,0.795634
6463-MVYRY,0.027131
3969-JQABI,0.097634
9624-EGDEQ,0.01753
1051-EQPZR,0.049032
5849-ASHZJ,0.026444
5780-INQIK,0.233372
7576-OYWBN,0.749335
4526-ZJJTM,0.35634
8384-FZBJK,0.415686
3750-RNQKR,0.071256
0962-CQPWQ,0.017323
3096-YXENJ,0.100817
1265-BCFEO,0.025842
5837-LXSDN,0.082905
5945-AZYHT,0.171042
8325-QRPZR,0.619041
6384-VMJHP,0.017314
2262-SLNVK,0.770738
7730-CLDSV,0.027496
1135-HIORI,0.238974
0164-APGRB,0.034812
6481-ESCNL,0.333987
1790-NESIO,0.024857
1550-EENBN,0.429081
5539-TMZLF,0.86756
4323-SADQS,0.201452
4446-BZKHU,0.38052
5202-IVJNU,0.142687
5976-JCJRH,0.496697
8198-RKSZG,0.205348
0137-OCGAB,0.829738
3351-NQLDI,0.066137
9297-EONCV,0.022152
7593-JNWRU,0.253744
4588-YBNIB,0.45309
1069-QJOEE,0.037055
3336-JORSO,0.360812
7799-DSEWS,0.157981
8766-PAFNE,0.022937
5315-CKEQK,0.148964
3130-ICDUP,0.636125
0820-FNRNX,0.129698
0880-FVFWF,0.261357
4611-ANLQC,0.111687
4213-HKBJO,0.017783
2792-LSHWX,0.611656
5028-GZLDO,0.493421
0014-BMAQU,0.037099
6861-XWTWQ,0.854858
9018-PCIOK,0.045004
4837-QUSFT,0.089049
6877-TJMBR,0.785267
9953-ZMKSM,0.014623
0907-HQNTS,0.089066
7665-NKLAV,0.028359
6769-DCQLI,0.131377
2433-KMEAS,0.304248
4391-LNRXK,0.295854
8250-ZNGGW,0.231659
2195-ZRVAX,0.393272
3550-SAHFP,0.497424
2011-TRQYE,0.228794
8562-GHPPI,0.254896
5893-PYOLZ,0.028786
4986-MXSFP,0.145878
6131-FOYAS,0.198496
3027-YNWZU,0.018099
5609-IMCGG,0.490951
4873-ILOLJ,0.530284
4727-MCYZG,0.604114
9481-WHGWY,0.025563
2725-KXXWT,0.86364
9565-DJPIB,0.62526
4328-VUFWD,0.103416
3301-LSLWQ,0.222326
7473-ZBDSN,0.021136
3166-PNEOF,0.026939
5639-NTUPK,0.15107
8780-YRMTT,0.032094
8348-HFYIV,0.74465
5140-FOMCQ,0.108667
6242-SGYTS,0.063621
8166-ORCHU,0.157394
8414-OOEEL,0.03328
8454-AATJP,0.02806
6849-WLEYG,0.292339
4659-NZRUF,0.417935
4531-AUZNK,0.104825
4191-XOVOM,0.308353
2150-OEGBV,0.028341
8429-XIBUM,0.520429
1855-CFULU,0.173874
4878-BUNFV,0.014223
1872-EBWSC,0.027766
2608-BHKFN,0.548898
7026-YMSBE,0.02591
7341-LXCAF,0.749522
6997-UVGOX,0.019001
9674-EHPPG,0.023357
9462-MJUAW,0.373211
8128-YVJRG,0.530477
5440-VHLUL,0.287537
5781-BKHOP,0.035056
4283-FUTGF,0.567564
5213-TWWJU,0.305981
1569-TTNYJ,0.72826
8628-MFKAX,0.029505
2397-BRLOM,0.534339
7629-WIXZF,0.125426
5445-GLVOT,0.230215
3976-HXHCE,0.014526
2466-NEJOJ,0.08954
0254-KCJGT,0.063176
5472-CVMDX,0.024127
6461-SZMCV,0.018935
8150-QUDFX,0.157586
9508-ILZDG,0.539391
2346-DJQTB,0.253186
1697-LYYYX,0.019223
1942-OQFRW,0.482101
4749-VFKVB,0.560655
9640-ZSLDC,0.077852
4231-LZUYM,0.015208
7598-UAASY,0.643454
7938-OUHIO,0.773294
8510-AWCXC,0.722639
6128-AQBMT,0.450568
3594-BDSOA,0.02889
0431-APWVY,0.157272
5133-VRSAB,0.236137
5996-DAOQL,0.39543
6838-YAUVY,0.055354
0484-JPBRU,0.069873
7883-ROJOC,0.123434
0244-LGNFY,0.02045
7274-CGTOD,0.026931
4295-YURET,0.04198
3426-NIYYL,0.247242
8225-BTJAU,0.642117
4635-EJYPD,0.013917
1866-ZSLJM,0.056404
4636-TVXVG,0.025447
4236-UJPWO,0.616771
9392-XBGTD,0.014802
3387-VATUS,0.79789
6402-SSEJG,0.110589
1143-NMNQJ,0.84094
1169-SAOCL,0.382569
1110-KYLGQ,0.228539
9929-PLVPA,0.12275
3518-PZXZQ,0.700063
2371-JUNGC,0.066113
7693-QPEFS,0.294258
0924-BJCRC,0.260866
5074-FBGHB,0.319423
2351-BKRZW,0.038736
4455-BFSPD,0.172495
0415-MOSGF,0.394348
1724-BQUHA,0.830384
3948-KXDUF,0.019982
2323-ARSVR,0.077883
0815-MFZGM,0.083523
4826-XTSOH,0.917379
5480-XTFFL,0.017397
8295-FHIVV,0.10669
2495-INZWQ,0.620819
9086-YJYXS,0.126324
1179-INLAT,0.070669
7909-FIOIY,0.168994
4139-SUGLD,0.083989
6857-VWJDT,0.865691
6351-SCJKT,0.342532
5468-BPMMO,0.054662
5624-BQSSA,0.353456
0197-PNKNK,0.044694
2439-QKJUL,0.130927
1194-SPVSP,0.331332
9534-NSXEM,0.033921
2408-WITXK,0.600803
8929-KSWIH,0.094921
2250-IVBWA,0.18394
1810-MVMAI,0.101005
9506-UXUSK,0.529485
1229-RCALF,0.178513
3572-UOLYZ,0.21574
1429-UYJSV,0.037988
5577-OTWWW,0.086424
6100-QQHEB,0.67935
6366-XIVKZ,0.166489
3470-OBUET,0.019917
2770-NSVDG,0.233961
9375-MHRRS,0.273579
2634-HCZGT,0.076857
7503-QQRVF,0.455676
4860-YZGZM,0.099847
6599-GZWCM,0.120589
2691-NZETQ,0.77086
4404-HIBDJ,0.038429
5533-NHFRF,0.514074
7037-MTYVW,0.032876
4760-THGOT,0.407475
7295-JOMMD,0.760447
4016-BJKTZ,0.3912
6584-VQMYT,0.035487
9838-BFCQT,0.012494
2790-XUYMV,0.045294
0581-MDMPW,0.436247
5013-SBUIH,0.104289
1023-BQXZE,0.044901
9163-GHAYE,0.198189
3904-UKFRE,0.676085
5353-WILCI,0.106537
0709-TVGUR,0.656757
0058-EVZWM,0.210224
6023-YEBUP,0.85125
7209-JCUDS,0.626883
7009-PCARS,0.020252
0519-DRGTI,0.068482
1017-FBQMM,0.199302
3001-CBHLQ,0.502077
1985-MBRYP,0.016983
6158-DWPZT,0.074462
9372-TXXPS,0.018067
3259-QMXUN,0.046272
1015-JPFYW,0.044482
6645-MXQJT,0.772262
4360-QRAVE,0.255912
8433-WPJTV,0.181503
5804-JMYIO,0.014929
3763-GCZHZ,0.265859
6484-LATFU,0.014803
7599-NTMDP,0.029097
0772-GYEQQ,0.618077
0536-ACXIP,0.101506
0936-NQLJU,0.018586
4831-EOBFE,0.196074
1575-KRZZE,0.23394
3251-YMVWZ,0.0274
4102-OQUPX,0.884763
9170-GYZJC,0.070569
4884-LEVMQ,0.017319
8857-CUPFQ,0.01763
7610-TVOPG,0.130652
3638-DIMPH,0.106417
1845-ZLLIG,0.494029
8559-WNQZS,0.059231
3999-QGRJH,0.599575
1699-UOTXU,0.042329
2454-RPBRZ,0.730054
0635-WKOLD,0.067954
5993-JSUWV,0.01882
4518-FZBSX,0.025184
5387-ASZNZ,0.049501
6988-CJEYV,0.379889
2002-MZHWP,0.291395
3097-FQTVJ,0.015495
5465-BUBFA,0.017539
7299-GNVPL,0.177452
9743-DQKQW,0.726091
1215-VFYVK,0.244364
9371-BITHB,0.018568
2265-CYWIV,0.819062
9093-FPDLG,0.539159
0541-FITGH,0.293537
6985-HAYWX,0.303252
7508-KBIMB,0.053869
6838-HVLXG,0.091135
2277-DJJDL,0.440365
1897-OKVMW,0.021753
5485-ITNPC,0.026603
0233-FTHAV,0.058853
4644-PIZRT,0.089187
8922-NPKBJ,0.014929
2740-TVLFN,0.697967
7771-CFQRQ,0.03876
9512-PHSMG,0.097179
6963-EZQEE,0.030523
2452-KDRRH,0.387682
2004-OCQXK,0.839817
5027-QPKTE,0.595789
4146-SVFUD,0.455179
1564-HJUVY,0.279532
3617-XLSGQ,0.066519
7517-LDMPS,0.611969
7244-KXYZN,0.029178
5226-NOZFC,0.460267
2672-HUYVI,0.660713
1400-WIVLL,0.128388
7508-MYBOG,0.619866
8148-NLEGT,0.023438
0148-DCDOS,0.558555
8347-GDTMP,0.01693
9992-RRAMN,0.608062
6746-WAUWT,0.03469
0310-MVLET,0.334072
0428-IKYCP,0.354255
4550-VBOFE,0.552946
2187-PKZAY,0.58714
4003-OCTMP,0.079585
6652-YFFJO,0.32728
7225-IILWY,0.014589
5248-RPYWW,0.021737
7923-IYJWY,0.070415
3170-GWYKC,0.17939
5696-QURRL,0.385562
7409-KIUTL,0.80239
9830-ECLEN,0.042959
1732-VHUBQ,0.199496
0495-RVCBF,0.901
2668-TZSPS,0.305203
7854-EDSSA,0.128839
8869-TORSS,0.041667
7446-SFAOA,0.032113
9522-ZSINC,0.060187
8234-GSZYK,0.019959
6505-OZNPG,0.074788
6164-HAQTX,0.023775
0679-IDSTG,0.846558
7765-LWVVH,0.05849
1658-TJVOA,0.57237
0953-LGOVU,0.186744
2115-BFTIW,0.189423
4692-NNQRU,0.142204
7742-MYPGI,0.222335
0611-DFXKO,0.413622
7780-OTDSO,0.620957
9619-GSATL,0.069344
5622-UEJFI,0.019499
9747-DDZOS,0.761603
0674-DGMAQ,0.542117
6203-HBZPA,0.026067
0484-FFVBJ,0.111214
0301-FIDRB,0.019822
4139-JPIAM,0.116211
2181-TIDSV,0.015045
2761-XECQW,0.493715
1936-CZAKF,0.050862
9453-PATOS,0.017367
0564-JJHGS,0.77863
3348-CFRNX,0.24728
4402-FTBXC,0.123123
1428-GTBJJ,0.456901
2931-XIQBR,0.182636
0106-UGRDO,0.071805
5542-TBBWB,0.869031
1930-QPBVZ,0.028181
2606-PKWJB,0.035428
5322-ZSMZY,0.016593
8059-UDZFY,0.601282
7740-BTPUX,0.227683
5220-AGAAX,0.01738
0208-BPQEJ,0.091849
9435-JMLSX,0.018799
3352-ALMCK,0.435043
5312-IRCFR,0.143475
5294-IMHHT,0.130574
8802-UNOJF,0.51365
6313-GIDIT,0.396602
6176-YJWAS,0.048698
5310-NOOVA,0.020419
4526-EXKKN,0.022771
5311-IHLEI,0.148476
3987-KQDDU,0.378943
3404-JNXAX,0.345254
5131-PONJI,0.222009
2845-AFFTX,0.604864
3489-VSFRD,0.048312
3345-JHUEO,0.223921
5815-HGGHV,0.062484
5260-UMPWX,0.060186
2249-YPRNG,0.423032
7410-YTJIK,0.465356
4626-GYCZP,0.799795
5649-RXQTV,0.382215
2674-MIAHT,0.699052
2576-HXMPA,0.183025
7587-AOVVU,0.369389
5590-BYNII,0.612034
6898-MDLZW,0.147081
3237-AJGEH,0.425194
4707-YNOQA,0.030826
9357-UJRUN,0.0662
1591-NFNLQ,0.206713
8648-PFRMP,0.52382
7663-CUXZB,0.10392
0258-NOKBL,0.519487
1163-VIPRI,0.074751
2815-CPTUL,0.66013
9348-ROUAI,0.020354
9443-JUBUO,0.025392
0596-BQCEQ,0.441291
1481-ZUWZA,0.336859
3043-TYBNO,0.323837
4830-FAXFM,0.07078
5906-BFOZT,0.398973
2960-NKRSO,0.294383
8996-ZROXE,0.077766
5598-IKHQQ,0.01265
0397-ZXWQF,0.015249
5266-PFRQK,0.030457
4674-HGNUA,0.018515
6765-MBQNU,0.028632
9786-IJYDL,0.122931
1303-SRDOK,0.053453
3769-MHZNV,0.014372
6295-OSINB,0.068121
3308-MHOOC,0.326561
2309-OSFEU,0.386926
2207-QPJED,0.329229
4177-JPDFU,0.179104
2239-CFOUJ,0.083966
8046-DNVTL,0.024232
2209-XADXF,0.611201
6620-JDYNW,0.204944
1891-FZYSA,0.33316
4770-UEZOX,0.688739
1038-RQOST,0.050576
7613-LLQFO,0.742789
4568-TTZRT,0.087734
9513-DXHDA,0.067433
2640-PMGFL,0.341204
3801-HMYNL,0.852442
0516-QREYC,0.101059
9685-WKZGT,0.692462
6022-UGGSO,0.447284
8084-OIVBS,0.048901
8896-BQTTI,0.319722
3865-QBWSJ,0.318185
3352-RICWQ,0.024083
2160-GPFXD,0.02217
2065-MMKGR,0.143105
5857-TYBCJ,0.485181
1498-NHTLT,0.031268
4484-CGXFK,0.446262
1402-PTHGN,0.041906
4176-RELJR,0.02353
6214-EDAKZ,0.10585
5199-FPUSP,0.033429
6377-KSLXC,0.130927
1796-JANOW,0.132798
0238-WHBIQ,0.019676
8735-NBLWT,0.079186
6651-RLGGM,0.016538
6127-ISGTU,0.673206
1614-JBEBI,0.102318
8740-XLHDR,0.149982
1208-DNHLN,0.09442
1761-AEZZR,0.8966
3923-CSIHK,0.278067
5696-EXCYS,0.022255
5795-KTGUD,0.096564
7120-RFMVS,0.793743
7924-GJZFI,0.350553
4702-HDRKD,0.059783
8512-WIWYV,0.027461
5897-ZYEKH,0.231407
5456-ITGIC,0.028536
7317-GGVPB,0.049651
1406-PUQVY,0.506842
1322-AGOQM,0.129352
3677-IYRBF,0.82809
5692-FPTAH,0.544411
9114-AAFQH,0.127884
8715-KKTFG,0.302788
1550-LOAHA,0.236709
1728-BQDMA,0.517572
0268-QKIWO,0.166317
0876-WDUUZ,0.596377
5117-ZSMHQ,0.018399
5151-HQRDG,0.163518
0960-HUWBM,0.075512
6465-GSRCL,0.150501
0617-FHSGK,0.234892
0263-FJTQO,0.026019
7319-ZNRTR,0.061532
2858-MOFSQ,0.108603
7503-EPSZW,0.013582
7089-XXAYG,0.121845
8118-LSUEL,0.7258
8070-AAWZP,0.197039
1666-JXLKU,0.637666
7855-DIWPO,0.437992
5133-POWUA,0.652583
5652-MSDEY,0.620103
7005-CCBKV,0.689623
1810-BOHSY,0.143329
1784-BXEFA,0.100036
7351-MHQVU,0.124342
9224-VTYID,0.025164
9500-IWPXQ,0.05461
5762-TJXGK,0.035753
4504-YOULA,0.152217
5569-IDSEY,0.169085
4250-FDVOU,0.171216
7284-ZZLOH,0.027572
5277-ZLOOR,0.876827
2141-RRYGO,0.378896
1777-JYQPJ,0.505951
6376-GAHQE,0.574036
3401-URHDA,0.04694
1599-EAHXY,0.023469
8631-XVRZL,0.043089
5052-PNLOS,0.874185
3853-LYGAM,0.57068
6979-ZNSFF,0.791585
5751-USDBL,0.026739
5680-LQOGP,0.02322
2386-LAHRK,0.652661
8189-DUKMV,0.091457
6032-IGALN,0.565823
9931-DCEZH,0.047629
1898-JSNDC,0.093037
0315-LVCRK,0.446413
3911-RSNHI,0.028111
2410-CIYFZ,0.105164
4248-HCETZ,0.320143
5505-OVWQW,0.034863
7271-AJDTL,0.25815
1867-TJHTS,0.175589
0516-WJVXC,0.221491
9174-FKWZE,0.711591
6860-YRJZP,0.691314
4429-WYGFR,0.106733
2817-LVCPP,0.016476
5038-ETMLM,0.044133
5056-FIMPT,0.288605
4521-WFJAI,0.019442
6569-KTMDU,0.172876
8809-RIHDD,0.087502
8809-XKHMD,0.032626
0396-YCHWO,0.572889
0867-LDTTC,0.294739
4822-NGOCH,0.6609
9391-DXGGG,0.141475
9844-FELAJ,0.273091
2122-SZZZD,0.028269
5307-DZCVC,0.412722
3148-AOIQT,0.014658
8679-JOEVF,0.217884
8395-ETZKQ,0.031154
6692-YQHXC,0.353204
3889-VWBID,0.024667
5222-JCXZT,0.222456
9754-CLVZW,0.078748
1432-FPAXX,0.258367
2739-CCZMB,0.110796
7080-TNUWP,0.09948
0496-AHOOK,0.069457
8336-TAVKX,0.019988
2468-SJFLM,0.596604
3181-VTHOE,0.075972
7168-HDQHG,0.062234
4803-AXVYP,0.537943
3884-HCSWG,0.468077
4567-AKPIA,0.264597
5077-DXTCG,0.74608
1142-WACZW,0.307713
7901-HXJVA,0.437817
5649-ANRML,0.611684
4892-VLANZ,0.319852
5924-IFQTT,0.285937
7968-QUXNS,0.076279
2919-HBCJO,0.673636
4236-XPXAV,0.711113
8903-WMRNW,0.571588
2452-SNHFZ,0.147652
3629-WEAAM,0.172869
6029-CSMJE,0.233425
7993-NQLJE,0.320978
9909-DFRJA,0.123835
9099-FTUHS,0.197924
0581-BXBUB,0.515505
4962-CHQPW,0.0269
9467-ROOLM,0.040613
3030-YZADT,0.167868
7410-KTVFV,0.153957
5150-ITWWB,0.798486
2253-KPMNB,0.026562
1345-ZUKID,0.039543
6429-SHBCB,0.216257
9281-OFDMF,0.343858
2603-HVKCG,0.629066
1834-WULEG,0.02494
9097-ZUBYC,0.159255
5148-ORICT,0.019983
4893-GYUJU,0.028443
4578-PHJYZ,0.064566
7272-QDCKA,0.299388
8908-SLFCJ,0.026372
8393-DLHGA,0.50392
9766-HGEDE,0.033801
6968-MHOMU,0.156085
7395-IGJOS,0.37715
5044-XDPYX,0.015536
1814-WFGVS,0.034499
2834-SPCJV,0.186182
3721-WKIIL,0.019705
6734-CKRSM,0.162978
1265-ZFOSD,0.020885
6568-POCUI,0.065064
7890-VYYWG,0.695978
5197-LQXXH,0.031078
9907-SWKKF,0.730212
3457-PQBYH,0.017463
7682-AZNDK,0.472529
0587-DMGBH,0.224925
5384-ZTTWP,0.070244
3745-HRPHI,0.032316
7636-OWBPG,0.22403
1231-YNDEK,0.099329
1407-DIGZV,0.025905
6397-JNZZG,0.212577
0570-BFQHT,0.500637
4393-OBCRR,0.051784
3523-QRQLL,0.108323
8564-LDKFL,0.396834
3696-DFHHB,0.017661
0895-DQHEW,0.394469
4717-GHADL,0.04187
5501-TVMGM,0.751228
5879-HMFFH,0.020286
6772-WFQRD,0.029992
3810-DVDQQ,0.048235
6972-SNKKW,0.082253
3694-GLTJM,0.12351
8550-XSXUQ,0.092702
8149-RSOUN,0.92808
9055-MOJJJ,0.039341
4359-INNWN,0.036366
0585-EGDDA,0.390686
4032-RMHCI,0.04669
0549-CYCQN,0.135345
3481-JHUZH,0.460412
7250-EQKIY,0.558357
3594-IVHJZ,0.152748
6869-FGJJC,0.044856
3896-ZVNET,0.017953
8205-VSLRB,0.027114
5960-MVTUK,0.481115
6817-WTYHE,0.460314
3082-VQXNH,0.362686
4013-UBXWQ,0.473242
4931-TRZWN,0.268608
0750-EKNGL,0.090049
7669-LCRSD,0.274052
3567-PQTSO,0.432188
5519-NPHVG,0.704306
8043-PNYSD,0.012974
9938-EKRGF,0.130339
2703-AMTUL,0.038411
0928-JMXNP,0.749683
8173-RXAYP,0.013278
4825-XJGDM,0.042708
5402-HTOTQ,0.23124
6734-JDTTV,0.015045
7850-THJMU,0.016269
3890-RTCMS,0.149606
8849-GYOKR,0.186484
3148-BLQJT,0.472856
3717-FDJFU,0.028993
3665-JATSN,0.485658
7966-YOTQW,0.203882
0461-CVKMU,0.184451
8806-EAGWC,0.354671
8853-TZDGH,0.042699
7779-LGOVN,0.742635
4324-BZCKL,0.287144
6924-TDGMT,0.078188
9710-ZUSHQ,0.374836
1536-YHDOE,0.069123
8123-QBNAZ,0.45632
3629-ZNKXA,0.612573
4827-LTQRJ,0.119171
7711-YIJWC,0.042872
5482-VXSXJ,0.415278
7365-BVCJH,0.779606
9620-ENEJV,0.419181
4183-WCSEP,0.260626
2378-YIZKA,0.02477
5498-TXHLF,0.369063
0689-DSXGL,0.180875
6818-DJXAA,0.607981
9722-UJOJR,0.367051
0464-WJTKO,0.010584
8902-ZEOVF,0.028661
6778-EICRF,0.076758
2662-NNTDK,0.026649
4132-KALRO,0.818
3902-FOIGH,0.794324
6772-KSATR,0.737434
7112-OPOTK,0.268101
2874-YXVVA,0.432976
1245-HARPS,0.030274
4210-QFJMF,0.715855
4323-ELYYB,0.034427
4293-ETKAP,0.036662
6064-PUPMC,0.05026
6504-VBLFL,0.028365
6322-PJJDJ,0.11464
0330-BGYZE,0.236591
1085-LDWAM,0.025162
7586-ZATGZ,0.532972
7197-VOJMM,0.02596
3318-OSATS,0.538188
5828-AVIPD,0.471699
1843-TLSGD,0.026051
9626-VFRGG,0.308896
7075-BNDVQ,0.206577
9143-CANJF,0.128728
7284-BUYEC,0.488175
2041-JIJCI,0.419046
1086-LXKFY,0.791983
4900-MSOMT,0.019013
2229-VWQJH,0.173005
9194-GFVOI,0.030847
1336-EZFZY,0.112594
4282-MSACW,0.212235
1403-LKLIK,0.0293
2636-ALXXZ,0.869298
7774-OJSXI,0.400609
7786-WBJYI,0.600965
0136-IFMYD,0.156769
5144-TVGLP,0.476046
9643-AVVWI,0.563003
0253-ZTEOB,0.051122
2706-QZIHY,0.023752
6061-PQHMK,0.034243
9885-CSMWE,0.851313
6137-MFAJN,0.203862
9122-UMROB,0.269326
4232-JGKIY,0.224577
2402-TAIRZ,0.112316
9659-ZTWSM,0.273738
9139-TWBAS,0.074588
6685-GBWJZ,0.033975
5016-ETTFF,0.234481
3866-MDTUB,0.504134
2195-VVRJF,0.199168
3913-RDSJZ,0.015427
8058-JMEQO,0.757242
4203-QGNZA,0.05452
5043-TRZWM,0.794034
0697-ZMSWS,0.799241
7657-DYEPJ,0.068306
9494-BDNNC,0.19327
1640-PLFMP,0.818633
5366-OBVMR,0.161174
8276-MQBYC,0.485759
7644-OMVMY,0.059726
7593-XFKDI,0.494342
4573-JKNAE,0.022133
0337-CNPZE,0.539416
9817-APLHW,0.103965
8380-MQINP,0.018052
0840-DFEZH,0.743273
1513-XNPPH,0.58801
8690-ZVLCL,0.024707
6015-VVHHE,0.740278
1125-SNVCK,0.150426
0384-LPITE,0.073
4616-EWBNJ,0.038684
6347-DCUIK,0.575975
1335-HQMKX,0.199519
2545-EBUPK,0.877328
6923-AQONU,0.014062
2172-EJXVF,0.244667
0897-FEGMU,0.816696
7663-RGWBC,0.566563
1120-BMWUB,0.143763
9124-LHCJQ,0.840576
4536-PLEQY,0.554424
7029-IJEJK,0.063201
8871-JLMHM,0.028376
2235-ZGKPT,0.370174
3891-PUQOD,0.665437
5447-VYTKW,0.074667
3623-FQBOX,0.089123
0689-NKYLF,0.610926
8659-HDIYE,0.078378
3658-KIBGF,0.429615
3474-BAFSJ,0.040706
5519-YLDGW,0.678006
3865-ZFZIB,0.018745
1855-AGAWH,0.414285
7109-CQYUZ,0.032695
1370-GGAWX,0.242081
4680-KUTAJ,0.339462
5307-UVGNB,0.146198
4946-EDSEW,0.066998
2883-ILGWO,0.345023
2516-VQRRV,0.780946
7580-UGXNC,0.335394
3642-BYHDO,0.015012
9629-NHXFW,0.47828
2696-RZVZW,0.01487
5766-FTRTS,0.018437
0396-HUJBP,0.132089
5178-LMXOP,0.922861
8879-ZKJOF,0.058669
6285-FTQBF,0.011892
8185-UPYBR,0.630332
4585-HETAI,0.681318
7526-BEZQB,0.825853
1474-JUWSM,0.075931
3530-CRZSB,0.108831
8498-XXGWA,0.067159
9617-INGJY,0.782696
0621-TSSMU,0.026719
7234-KMNRQ,0.104131
7636-PEPNS,0.078581
4683-WYDOU,0.172789
9052-DHNKM,0.076878
6794-HKIAJ,0.092229
5578-NKCXI,0.161452
1642-HMARX,0.061751
3096-WPXBT,0.103478
8434-PNQZX,0.046578
5950-AAAGJ,0.369544
4299-OPXEJ,0.026939
4951-UKAAQ,0.755423
9618-LFJRU,0.125256
6693-DJWTY,0.043641
0744-GKNGE,0.121056
6447-EGDIV,0.02591
1167-OYZJF,0.016597
2108-YKQTY,0.321554
4806-DXQCE,0.123635
4918-QLLIW,0.334646
7056-IMHCC,0.495207
4854-SSLTN,0.03027
5294-DMSFH,0.334056
4837-PZTIC,0.026764
1625-JAIIY,0.101377
0603-OLQDC,0.190402
3272-VUHPV,0.159171
4176-FXYBO,0.643558
1063-DHQJF,0.028564
8663-UPDGF,0.124911
6719-FGEDO,0.015792
1837-YQUCE,0.028242
2947-DOMLJ,0.381702
4112-LUEIZ,0.580647
0369-ZGOVK,0.098321
4510-HIMLV,0.811605
9919-KNPOO,0.656682
8749-JMNKX,0.276525
7872-BAAZR,0.024062
9391-LMANN,0.111115
2430-USGXP,0.690647
8174-TBVCF,0.028256
1698-XFZCI,0.296124
1877-HKBQX,0.06448
4450-DLLMH,0.670395
0428-AXXLJ,0.034087
2746-DIJLO,0.088658
5955-ERIHD,0.615264
0917-EZOLA,0.163677
3508-VLHCZ,0.018573
4086-ATNFV,0.048254
0468-YRPXN,0.353138
5996-NRVXR,0.139135
3739-YBWAB,0.06012
7047-FWEYA,0.224377
2000-MPKCA,0.285777
9762-YAQAA,0.124171
5949-EBSQK,0.274147
5473-KHBPS,0.134196
0100-DUVFC,0.200423
5397-TUPSH,0.094908
8950-MTZNV,0.604402
0326-VDYXE,0.292042
6773-LQTVT,0.265538
7274-RTAPZ,0.883696
0436-TWFFZ,0.027815
8566-YPRGL,0.509024
0311-UNPFF,0.351092
6609-MXJHJ,0.017277
2669-OIDSD,0.274314
8400-WZICQ,0.124181
3834-XUIFC,0.666411
9576-SYUHJ,0.424825
0410-IPFTY,0.372642
2831-EBWRN,0.495661
9430-NKQLY,0.011079
8414-MYSHR,0.708967
0247-SLUJI,0.338869
9402-ORRAH,0.563312
6483-OATDN,0.16148
1293-HHSHJ,0.028308
4840-ORQXB,0.403765
7599-FKVXZ,0.486293
3982-DQLUS,0.237879
8610-ZIKJJ,0.173789
3756-VNWDH,0.183567
7801-KICAO,0.534035
7673-LPRNY,0.192296
8229-TNIQA,0.376898
6060-QBMGV,0.01665
7339-POGZN,0.507702
2828-SLQPF,0.198471
4465-VDKIQ,0.372123
2921-XWDJH,0.416329
6221-AVQYL,0.631681
2558-BUOZZ,0.101563
9257-AZMTZ,0.015958
0003-MKNFE,0.279027
0975-UYDTX,0.087867
7743-EXURX,0.337595
4682-BLBUC,0.095779
0975-VOOVL,0.360887
5968-VXZLG,0.49068
5569-KGJHX,0.64174
4988-IQIGL,0.900843
5201-FRKKS,0.160937
9799-CAYJJ,0.637489
7730-IUTDZ,0.233088
0426-TIRNE,0.28416
5443-SCMKX,0.193008
8295-KMENE,0.023722
6738-ISCBM,0.115831
9821-BESNZ,0.191638
3678-MNGZX,0.01665
1335-NTIUC,0.546263
2916-BQZLN,0.470292
4558-CGYCZ,0.222456
2368-GAKKQ,0.068834
8710-YGLWG,0.561444
3199-XGZCY,0.63855
3785-KTYSH,0.01582
6814-ZPWFQ,0.046709
4063-EIKNQ,0.071612
6993-YCOBK,0.094867
5206-HPJKM,0.115679
7587-RZNME,0.49702
0748-RDGGM,0.069451
8393-JMVMB,0.307853
5019-GQVCR,0.544886
6036-TTFYU,0.075058
2550-AEVRU,0.047585
0969-RGKCU,0.023935
0378-CJKPV,0.025851
4706-AXVKM,0.668885
5889-JTMUL,0.415061
9026-RNUJS,0.306678
3746-EUBYR,0.856369
2332-EFBJY,0.074236
2880-FPNAE,0.760847
1703-MGIAB,0.204724
4311-QTTAI,0.034628
9474-PHLYD,0.31883
4318-RAJVY,0.042043
2165-VOEGB,0.104594
3612-YUNGG,0.102216
2254-DLXRI,0.898932
5062-CJJKH,0.057389
9028-LIHRP,0.044389
2219-MVUSO,0.218204
1053-MXTTK,0.045268
1530-ZTDOZ,0.15281
1301-LOPVR,0.058847
0853-TWRVK,0.032
8914-RBTSB,0.423198
6212-ATMLK,0.545983
8200-LGKSR,0.029834
1568-BEKZM,0.031141
0670-ANMUU,0.058292
6897-RWMUB,0.021473
0963-ZBDRN,0.556723
7594-RQHXR,0.865937
6999-CHVCF,0.102991
6134-KWTBV,0.016627
1077-HUUJM,0.613098
6331-EWIEB,0.645893
0895-LNKRC,0.039994
2045-BMBTJ,0.208672
8417-GSODA,0.211547
5171-EPLKN,0.016996
4452-QIIEB,0.195597
5998-VVEJY,0.360892
1624-NALOJ,0.696012
6741-EGCBI,0.443659
7820-ZYGNY,0.108223
4317-VTEOA,0.72696
9677-AVKED,0.13984
1670-SVOWZ,0.391489
2227-JRSJX,0.440184
9847-HNVGP,0.03008
6696-YDAYZ,0.019723
8980-WQFWL,0.280202
1730-ZMAME,0.588855
6506-EYCNH,0.060647
4634-JLRJT,0.406506
9501-UKKNL,0.224927
2560-QTSBS,0.017614
7541-YLXCL,0.062004
4795-WRNVT,0.113779
6080-TCMYC,0.399275
0260-ZDLGK,0.19448
7860-UXCRM,0.021202
6357-JJPQT,0.678325
2292-XQWSV,0.073886
9552-TGUZV,0.349617
5913-INRQV,0.084207
8722-NGNBH,0.164155
6210-KBBPI,0.79004
9643-YBLUR,0.292025
8734-FNWVH,0.158389
9447-YPTBX,0.027566
0133-BMFZO,0.409929
6128-CZOMY,0.733844
9540-JYROE,0.430744
9026-LHEVG,0.299783
2260-USTRB,0.674471
3656-TKRVZ,0.212761
7011-CVEUC,0.339529
6185-TASNN,0.824988
7925-PNRGI,0.066277
8623-TMRBY,0.344934
1552-CZCLL,0.050371
3038-PQIUY,0.123353
1501-SGHBW,0.34899
9313-CDOGY,0.07072
8148-BPLZQ,0.164569
2623-DRYAM,0.341815
9987-LUTYD,0.05438
3208-YPIOE,0.357033
4488-KQFDT,0.391261
2612-RANWT,0.718739
5693-PIPCS,0.088912
0491-KAPQG,0.525826
1925-LFCZZ,0.145397
8039-EQPIM,0.030945
6900-PXRMS,0.504042
8707-RMEZH,0.076237
3346-BRMIS,0.466195
3209-ZPKFI,0.192467
6479-VDGRK,0.019255
9373-WSLOY,0.173342
2933-FILNV,0.438307
3569-JFODW,0.013909
9819-FBNSV,0.305405
9544-PYPSJ,0.341027
1591-XWLGB,0.010981
0396-UKGAI,0.094799
3243-ZHOHY,0.035606
5186-EJEGL,0.120645
7527-QNRUS,0.021785
9986-BONCE,0.110674
2722-JMONI,0.591875
2203-GHNWN,0.398096
3878-AVSOQ,0.88285
3258-SYSWS,0.037041
5296-PSYVW,0.016215
6319-QSUSR,0.087261
4083-EUGRJ,0.082509
7579-OOPEC,0.519504
0512-FLFDW,0.21267
1771-OADNZ,0.609689
0487-CRLZF,0.0354
2107-FBPTK,0.619046
9451-WLYRI,0.023306
8219-VYBVI,0.016945
1991-VOPLL,0.087068
9738-QLWTP,0.105556
1016-DJTSV,0.551199
9419-IPPBE,0.164727
0174-QRVVY,0.014148
5699-BNCAS,0.01636
2900-PHPLN,0.017946
0612-RTZZA,0.699694
8106-GWQOK,0.042687
8751-EDEKA,0.251588
6878-GGDWG,0.052196
4039-PIMHX,0.052236
8450-LUGUK,0.021914
3604-WLABM,0.234937
0795-GMVQO,0.110533
2259-OUUSZ,0.169845
1142-IHLOO,0.125771
6410-LEFEN,0.220985
4633-MKHYU,0.653408
6257-RJOHI,0.30198
1545-JFUML,0.058446
3194-ORPIK,0.299094
7826-VVKWT,0.189772
1353-GHZOS,0.073044
2587-EKXTS,0.438278
5442-BXVND,0.061642
8816-VXNZD,0.886238
9378-FXTIZ,0.091768
1723-HKXJQ,0.590102
7825-GKXMW,0.544487
9753-OYLBX,0.503921
2364-UFROM,0.04943
6656-JWRQX,0.569776
6473-ULUHT,0.20117
1240-KNSEZ,0.490233
0836-SEYLU,0.263767
4433-JCGCG,0.583165
3716-BDVDB,0.811605
7688-AWMDX,0.021679
2842-BCQGE,0.307143
7244-QWYHG,0.054475
5899-MQZZL,0.523419
6849-OYAMU,0.120462
5312-UXESG,0.370278
9488-HGMJH,0.808922
6038-GCYEC,0.246723
2150-WLKUW,0.097457
7159-FVYPK,0.530982
7032-LMBHI,0.078371
1150-WFARN,0.106671
6088-BXMRG,0.610865
3144-AUDBS,0.319202
4821-SJHJV,0.343097
7346-MEDWM,0.331078
1137-DGOWI,0.070755
5616-PRTNT,0.081661
3812-LRZIR,0.027581
4818-QIUFN,0.520045
9483-GCPWE,0.039494
4227-OJHAL,0.043596
9220-CXRSC,0.02196
4993-JCRGJ,0.240586
9537-JALFH,0.015815
6698-OXETB,0.027426
2103-ZRXFN,0.740731
3724-BSCVH,0.037909
4877-TSOFF,0.043295
9209-NWPGU,0.080254
6961-VCPMC,0.36943
7306-YDSOI,0.023167
5288-AHOUP,0.624786
6688-UZPWD,0.774508
0655-YDGFJ,0.122399
8468-EHYJA,0.387033
6823-SIDFQ,0.023876
1097-FSPVW,0.133905
2839-RFSQE,0.138675
8328-SKJNO,0.044454
7010-ZMVBF,0.059555
5201-CBWYG,0.024356
0968-GSIKN,0.733193
1965-DDBWU,0.452142
9057-SIHCH,0.896453
6352-GIGGQ,0.049128
3635-QQRQD,0.016048
6771-XWBDM,0.378153
2897-DOVND,0.743882
3082-YVEKW,0.034978
0191-EQUUH,0.025674
7134-HBPBS,0.066521
3489-HHPFY,0.820095
2926-JEJJC,0.056002
8601-QACRS,0.381575
4950-BDEUX,0.228854
5789-LDFXO,0.048663
0508-OOLTO,0.599351
2984-TBYKU,0.046391
9822-WMWVG,0.356
2391-SOORI,0.199393
9040-KZVWO,0.076911
2645-QTLMB,0.709307
4806-HIPDW,0.861099
1548-ARAGG,0.295091
6339-RZCBJ,0.03548
4424-TKOPW,0.859452
4415-WNGVR,0.160821
2522-AHJXR,0.311739
0412-UCCNP,0.044078
1816-FLZDK,0.40524
7096-UCLNH,0.333974
8443-ZRDBZ,0.751047
9136-ALYBR,0.44371
4615-PIVVU,0.038504
8885-QSQBX,0.301281
7479-NITWS,0.723886
8617-ENBDS,0.569745
9385-NXKDA,0.037001
0430-IHCDJ,0.394316
2959-MJHIC,0.699825
6674-KVJHG,0.05392
1814-DKOLC,0.121762
4201-JMNGR,0.693478
9351-HXDMR,0.036594
3537-HPKQT,0.204201
2129-ALKBS,0.109024
5821-MMEIL,0.017783
5960-WPXQM,0.854145
0684-AOSIH,0.777283
8260-NGFNY,0.471794
1309-XGFSN,0.165891
1866-RZZQS,0.593349
6968-URWQU,0.077392
4742-TXUEX,0.018042
9631-XEYKE,0.464243
8631-NBHFZ,0.026325
1335-MXCSE,0.029098
8873-TMKGR,0.027205
8800-JOOCF,0.738625
1469-LBJQJ,0.461174
4958-XCBDQ,0.550553
8337-UPOAQ,0.770525
0064-YIJGF,0.266242
2386-OWURY,0.342785
1725-IQNIY,0.069054
0310-VQXAM,0.087734
6598-RFFVI,0.05162
3453-RTHJQ,0.541576
6712-OAWRH,0.512146
6278-FEPBZ,0.083382
4280-DLSHD,0.218957
1508-DFXCU,0.555821
8614-VGMMV,0.415931
7868-BGSZA,0.153573
2800-QQUSO,0.515627
2930-UOTMB,0.081296
7973-DZRKH,0.024967
5914-DVBWJ,0.467438
7698-YFGEZ,0.352476
2533-QVMSK,0.065069
9773-PEQBZ,0.540094
8644-XLFBW,0.789646
0650-BWOZN,0.528072
8625-AZYZY,0.766868
7785-RDVIG,0.142496
9602-WCXPI,0.026869
2903-YYTBW,0.562104
3620-MWJNE,0.306025
8573-JGCZW,0.03983
6837-HAEVO,0.157216
6701-YVNQG,0.022259
9306-CPCBC,0.719328
4304-XUMGI,0.039272
9504-YAZWB,0.016007
8819-ZBYNA,0.107072
6174-NRBTZ,0.082884
9481-IEBZY,0.164731
1833-VGRUM,0.873299
6137-NICCO,0.668893
9065-ZCPQX,0.019186
6402-EJMWF,0.367407
3620-EHIMZ,0.018568
3213-VVOLG,0.049845
6870-ECSHE,0.045172
8747-UDCOI,0.017487
8374-XGEJJ,0.625448
2656-TABEH,0.88447
6946-LMSQS,0.206689
4626-OZDTJ,0.069543
9169-BSVIN,0.239285
2325-ZUSFD,0.062787
8194-PEEBY,0.026558
6872-HXFNF,0.042976
3932-CMDTD,0.391279
7714-YXSMB,0.534246
8387-UGUSU,0.076438
1080-BWSYE,0.022677
4039-HEUNW,0.544904
1194-HVAIF,0.308679
0812-WUPTB,0.73577
3594-UVONA,0.072614
0004-TLHLJ,0.67144
1767-TGTKO,0.353132
8439-LTUGF,0.093928
8805-JNRAZ,0.404654
5089-IFSDP,0.189698
6418-HNFED,0.024916
0206-OYVOC,0.013451
7291-CDTMJ,0.518179
7128-GGCNO,0.29031
0237-YFUTL,0.276712
7691-KGKGP,0.089638
6710-HSJRD,0.367494
3675-EQOZA,0.088657
0840-DCNZE,0.053879
1732-FEKLD,0.15701
9862-KJTYK,0.165295
0479-HMSWA,0.172352
5854-KSRBJ,0.01563
0365-BZUWY,0.724068
4817-VYYWS,0.684581
5701-SVCWR,0.325978
3129-AAQOU,0.021368
4922-CVPDX,0.05144
1396-QWFBJ,0.313998
1357-BIJKI,0.256266
1099-BTKWT,0.072189
5299-SJCZT,0.878239
2018-PZKMU,0.638554
7340-KEFQE,0.025129
4570-QHXHL,0.351
2403-BCASL,0.285639
7392-YYPYJ,0.547671
2898-LSJGD,0.129052
2223-GDSHL,0.032155
7359-PTSXY,0.519142
9470-RTWDV,0.07707
2176-OSJUV,0.018111
9348-YVOMK,0.41151
8104-OSKWT,0.586664
4521-YEEHE,0.534111
4090-KPJIP,0.738561
3786-WOVKF,0.141841
4503-BDXBD,0.403058
6086-ESGRL,0.841104
2592-HODOV,0.037379
3886-CERTZ,0.113734
7995-ZHHNZ,0.071809
3824-RHKVR,0.076124
5816-SCGFC,0.31212
5989-AXPUC,0.222102
4979-HPRFL,0.016607
8590-OHDIW,0.025321
8015-IHCGW,0.047556
2332-TODQS,0.030319
9278-VZKCD,0.303363
8008-OTEZX,0.026443
2773-OVBPK,0.11935
5999-LCXAO,0.419453
5206-XZZQI,0.190712
4803-LBYPN,0.046109
5759-RCVCB,0.556444
6372-RFVNS,0.859435
2139-FQHLM,0.239106
8261-GWDBQ,0.062554
1093-YSWCA,0.023517
8938-UMKPI,0.582647
0991-BRRFB,0.183665
3882-IYOIJ,0.068332
8749-TZYEC,0.015055
1755-FZQEC,0.026803
3115-JPJDD,0.06122
5600-KTXFM,0.468512
3871-IKPYH,0.766465
6319-IEJWJ,0.485666
9025-AOMKI,0.754078
6339-TBELP,0.026901
7964-YESJC,0.105627
6173-GOLSU,0.313834
5275-SQEIZ,0.765857
7716-YTYHG,0.135286
9938-ZREHM,0.064662
7950-XWOVN,0.196176
4390-KYULV,0.133749
4647-MUZON,0.47295
9702-AIUJO,0.075515
8849-PRIQJ,0.163606
8851-RAGOV,0.09659
1304-NECVQ,0.840057
5396-IZEPB,0.087046
1729-VLAZJ,0.054939
8285-ABVLB,0.012347
0701-TJSEF,0.157948
5712-VBOXD,0.141772
6629-LADHQ,0.26254
8945-GRKHX,0.865635
1559-DTODC,0.217826
4797-MIWUM,0.1182
6959-UWKHF,0.649633
8720-RQSBJ,0.651974
4537-CIBHB,0.04114
3815-SLMEF,0.242192
5154-VEKBL,0.169515
4324-AHJKS,0.249093
4355-CVPVS,0.119413
4495-LHSSK,0.121594
5655-JSMZM,0.582431
5915-ANOEI,0.019294
9861-PDSZP,0.094608
4505-EXZHB,0.514092
7225-CBZPL,0.723062
6704-UTUKK,0.363883
4587-VVTOX,0.835402
2019-HDCZY,0.187943
4652-NNHNY,0.364418
8788-DOXSU,0.073073
7404-JLKQG,0.514269
7421-ZLUPA,0.335349
8972-HJWNV,0.811342
3274-NSDWE,0.017487
2632-IVXVF,0.064942
3692-JHONH,0.424404
8915-NNTRC,0.041772
5914-GXMDA,0.025484
7463-IFMQU,0.015378
2920-RNCEZ,0.800744
2541-YGPKE,0.072541
8515-OCTJS,0.016118
5382-TEMLV,0.120632
3441-CGZJH,0.079091
9592-ERDKV,0.071066
2860-RANUS,0.54262
5261-QSHQM,0.615051
4778-IZARL,0.074559
0432-CAJZV,0.566141
7008-LZVOZ,0.017982
8868-WOZGU,0.717474
1200-TUZHR,0.762334
9365-CSLBQ,0.012494
1334-FJSVR,0.794857
5884-FBCTL,0.011558
7130-CTCUS,0.191997
6242-FEGFD,0.03176
7625-XCQRH,0.607675
6194-HBGQN,0.056713
7634-WSWDB,0.395577
6986-IXNDM,0.722693
1731-TVIUK,0.682795
2987-BJXIK,0.034421
9769-TSBZE,0.026886
0406-BPDVR,0.193192
0618-XWMSS,0.200118
1395-WSWXR,0.018138
6023-GSSXW,0.043136
6752-APNJL,0.079912
5276-KQWHG,0.657029
0420-HLGXF,0.720276
7446-KQISO,0.146888
9823-EALYC,0.016044
0582-AVCLN,0.015495
5803-NQJZO,0.014996
2565-JSLRY,0.243158
2607-DHDAK,0.011621
1073-XXCZD,0.018788
0743-HRVFF,0.150986
4006-HKYHO,0.020032
3727-JEZTU,0.303849
8143-ETQTI,0.019069
6689-KXGBO,0.488263
9667-TKTVZ,0.516031
3657-COGMW,0.59132
8570-KLJYJ,0.044278
7754-IXRMC,0.636142
9473-CBZOP,0.043047
2969-WGHQO,0.077934
6615-NGGZJ,0.812559
4334-HOWRP,0.035065
4255-DDUOU,0.459901
5863-OOKCL,0.065051
1686-STUHN,0.027758
1329-VHWNP,0.328458
2984-MIIZL,0.595592
0266-GMEAO,0.032471
5590-YRFJT,0.331466
5574-NXZIU,0.057995
0019-GFNTW,0.025911
4256-ZWTZI,0.304342
8309-PPCED,0.046804
4098-NAUKP,0.241851
5196-WPYOW,0.031597
4608-LCIMN,0.169576
1485-YDHMM,0.178525
4054-CUMIA,0.079029
0603-TPMIB,0.015194
2525-GVKQU,0.011467
8161-QYMTT,0.799992
9581-GVBXT,0.052396
5862-BRIXZ,0.039628
5404-GGUKR,0.388001
3308-JSGML,0.042136
2126-GSEGL,0.041806
3677-TNKIO,0.334363
0440-QEXBZ,0.180191
2434-EEVDB,0.043069
6762-QVYJO,0.027998
6199-IWKGC,0.266916
2675-DHUTR,0.468751
8152-VETUR,0.048078
9667-EQRXU,0.333031
7446-YPODE,0.172981
9522-BNTHX,0.501036
4676-WLUHT,0.042845
3329-WDIOK,0.614399
7980-MHFLQ,0.013757
2873-ZLIWT,0.30695
3415-TAILE,0.417023
0757-WCUUZ,0.042177
1629-DQQVB,0.151108
1915-IOFGU,0.770738
3045-XETSH,0.706119
0374-AACSZ,0.399147
7239-HZZCX,0.316273
4872-VXRIL,0.044749
9140-CZQZZ,0.025306
3423-HHXAO,0.038112
9938-TKDGL,0.055121
0531-ZZJWQ,0.448185
6537-QLGEX,0.429733
2688-BHGOG,0.622642
7683-CBDKJ,0.17694
0946-CLJTI,0.512143
3160-TYXLT,0.171414
1325-USMEC,0.053376
0916-QOFDP,0.795158
0628-CNQRM,0.043004
5606-AMZBO,0.504568
6199-IPCAO,0.017757
7665-TOALD,0.872819
0112-QWPNC,0.076001
0324-BRPCJ,0.392226
2777-PHDEI,0.81857
5640-CAXOA,0.099327
2235-EZAIK,0.019696
3847-BAERP,0.081276
1196-AMORA,0.594764
4282-YMKNA,0.643608
1453-RZFON,0.316194
8263-OKETD,0.143149
0670-KDOMA,0.492664
2476-YGEFM,0.365699
8687-BAFGU,0.680646
0641-EVBOJ,0.422256
0829-XXPLX,0.342538
9974-JFBHQ,0.230864
5356-RHIPP,0.433934
6624-JDRDS,0.239794
0608-JDVEC,0.02196
9780-FKVVF,0.247805
1919-RTPQD,0.217474
5214-NLTIT,0.046773
3345-PBBFH,0.236473
5055-BRMNE,0.077128
9189-JWSHV,0.631662
2190-PHBHR,0.027171
2650-GYRYL,0.03002
0746-JTRFU,0.776401
5208-FVQKB,0.023594
7184-LRUUR,0.074247
6627-CFOSN,0.249365
3982-JGSFD,0.032611
1574-DYCWE,0.014929
7247-XOZPB,0.04314
2466-FCCPT,0.026785
6211-WWLTF,0.070616
4826-TZEVA,0.231836
6016-NXBNJ,0.024983
9138-EFSMO,0.127795
0576-WNXXC,0.619859
4632-XJMEX,0.028117
8910-LEDAG,0.301773
3452-GWUIN,0.705863
2716-GFZOR,0.12454
3724-UCSHY,0.084956
8626-XHBIE,0.01666
4628-CTTLA,0.309353
3192-LNKRK,0.39575
4439-YRNVD,0.147983
2876-VBBBL,0.346702
6834-NXDCA,0.529003
2208-UGTGR,0.355613
3005-TYFRD,0.415188
8670-MEFCP,0.024158
3079-BCHLN,0.029731
7777-UNYHB,0.094018
5597-GLBUC,0.869699
7278-CKDNC,0.63618
2748-MYRVK,0.158863
8450-UYIBU,0.504771
2969-VAPYH,0.028934
4822-YCXMX,0.544392
7181-OQCUT,0.520867
8474-UMLNT,0.086659
9821-POOTN,0.468655
3836-FZSDJ,0.015839
9142-XMYJH,0.059012
6559-ILWKJ,0.043066
0187-QSXOE,0.740986
7733-UDMTP,0.254274
2649-HWLYB,0.02836
5214-CHIWJ,0.02591
4229-CZMLL,0.712401
6904-JLBGY,0.035791
2465-BLLEU,0.584995
1685-VAYJF,0.231583
8874-EJNSR,0.015308
6917-YACBP,0.211884
5049-MUBWG,0.057355
4223-WOZCM,0.572274
0769-MURVM,0.022955
9253-VIFJQ,0.036669
7030-FZTFM,0.038239
9741-YLNTD,0.672857
5917-RYRMG,0.034015
5120-ZBLAI,0.097159
1194-BHJYC,0.029139
3663-MITLP,0.646722
0906-QVPMS,0.033377
9025-ZRPVR,0.086931
1905-OEILC,0.397076
7858-GTZSP,0.739359
3285-UCQVC,0.111957
6248-BSHKG,0.022068
4685-TFLLS,0.027428
3470-BTGQO,0.157952
1209-VFFOC,0.023421
8224-DWCKX,0.614184
5482-PLVPE,0.472487
4553-DVPZG,0.444755
4902-OHLSK,0.511723
6917-IAYHD,0.573626
0495-ZBNGW,0.700986
8620-RJPZN,0.332124
7572-KPVKK,0.154629
2642-MAWLJ,0.015647
2357-COQEK,0.610981
7103-ZGVNT,0.040835
3737-GCSPV,0.363556
2027-WKXMW,0.267276
7137-NAXML,0.027195
2428-ZMCTB,0.076926
2961-VNFKL,0.011959
1768-HNVGJ,0.26316
6963-KQYQB,0.013183
5934-RMPOV,0.587892
1207-BLKSA,0.015637
4088-YLDSU,0.245654
8316-BBQAY,0.029518
1166-PQLGG,0.012301
3146-JTQHR,0.040276
4291-YZODP,0.089919
4395-PZMSN,0.721678
6427-FEFIG,0.035652
0017-IUDMW,0.031531
8706-HRADD,0.140383
9955-QOPOY,0.074282
4385-ZKVNW,0.101414
5446-DKWYW,0.171645
2034-CGRHZ,0.54929
5797-APWZC,0.800929
3683-QKIUE,0.274791
4228-ZGYUW,0.738572
9031-ZVQPT,0.093309
2990-IAJSV,0.019547
8107-KNCIM,0.72687
9027-YFHQJ,0.111683
5176-LDKUH,0.107447
4644-OBGFZ,0.024505
7926-IJOOU,0.169101
6480-YAGIY,0.105393
4029-HPFVY,0.517213
7602-DBTOU,0.012255
5345-BMKWB,0.0935
3519-ZKXGG,0.80019
5457-COLHT,0.025486
6416-TVAIH,0.84539
5451-YHYPW,0.031513
5108-ADXWO,0.423035
7998-WNZEM,0.01839
3066-RRJIO,0.784557
4664-NJCMS,0.034319
0307-BCOPK,0.039503
7629-WFGLW,0.066614
2542-HYGIQ,0.303316
6715-OFDBP,0.455372
5016-LIPDW,0.023749
6481-LXPWL,0.070968
1567-DSCIC,0.741011
2150-UWTFY,0.098719
6124-ACRHJ,0.362178
9362-MWODR,0.127132
9975-GPKZU,0.016813
9625-RZFUK,0.014855
5153-LXKDT,0.178797
5161-UBZXI,0.070575
1020-JPQOW,0.148673
7919-ZODZZ,0.126455
0565-JUPYD,0.081511
6867-ACCZI,0.02667
5939-XAIXZ,0.205634
9054-FOWNV,0.550154
2683-BPJSO,0.351386
2157-MXBJS,0.176936
8207-VVMYB,0.016878
9732-EQMWY,0.41749
9360-AHGNL,0.152335
1087-UDSIH,0.162575
5269-NRGDP,0.112884
6195-MELTI,0.043759
5485-WUYWF,0.377831
2121-JAFOM,0.024317
8818-DOPVL,0.602301
2632-UCGVD,0.309466
5445-PZWGX,0.138142
1227-UDMZR,0.019923
5198-HQAEN,0.166226
9170-CCKOU,0.175959
2167-FQSTQ,0.028932
2819-GWENI,0.027778
1043-YCUTE,0.017107
3814-MLAXC,0.283057
3572-UUHRS,0.033416
2692-PFYTJ,0.307984
1226-UDFZR,0.42145
5955-EPOAZ,0.122595
6821-JPCDC,0.195702
8815-LMFLX,0.073848
9135-HSWOC,0.015045
8582-KRHPJ,0.130268
5811-IWXYM,0.212762
7044-YAACC,0.673489
8189-XRIKE,0.421657
1506-YJTYT,0.021189
4123-DVHPH,0.667924
6425-YQLLO,0.252301
5442-UTCVD,0.587168
2228-BZDEE,0.018405
7734-DBOAI,0.391499
2789-CZANW,0.061122
2091-RFFBA,0.496729
2114-MGINA,0.384928
7596-LDUXP,0.135711
3740-RLMVT,0.052398
4489-SNOJF,0.148413
2192-OZITF,0.032056
5651-CPDND,0.194283
2186-QZEYA,0.222071
1131-ALZWV,0.029373
7729-XBTWX,0.014369
9134-WYRVP,0.057002
3284-SVCRO,0.016998
9732-OUYRN,0.026945
0559-CKHUS,0.021217
2931-SVLTV,0.32396
6899-PPEEA,0.570411
7504-UWHNB,0.307916
2582-FFFZR,0.492424
8908-NMQTX,0.018471
2187-LZGPL,0.369446
1431-AIDJQ,0.042104
6288-LBEAR,0.194144
4597-NUCQV,0.714247
9019-QVLZD,0.823802
8413-YNHNV,0.02364
5808-TOTXO,0.043539
4369-NYSCF,0.058824
6333-YDVLT,0.117263
5324-KTGCG,0.026614
5599-HVLTW,0.645818
7394-LWLYN,0.729251
3707-LRWZD,0.157282
6873-UDNLD,0.136829
2700-LUEVA,0.245336
1455-ESIQH,0.857218
0958-YHXGP,0.44891
1101-SSWAG,0.39854
2979-SXESE,0.54021
4013-TLDHQ,0.472595
5743-KHMNA,0.015629
4194-FJARJ,0.030254
5325-UWTWJ,0.176672
3969-GYXEL,0.386191
9208-OLGAQ,0.601525
3244-CQPHU,0.036219
2674-MLXMN,0.298632
9708-HPXWZ,0.566633
6992-TKNYO,0.094795
4468-YDOVK,0.355281
3754-DXMRT,0.687075
5792-JALQC,0.039438
7130-VTEWQ,0.694175
2200-DSAAL,0.056666
4302-ZYFEL,0.023543
9351-LZYGF,0.099215
4366-CTOUZ,0.080028
6121-VZNQB,0.274866
7903-CMPEY,0.866944
1518-OMDIK,0.147584
6671-NGWON,0.108831
0595-ITUDF,0.182778
6996-KNSML,0.835614
1955-IBMMB,0.020796
0096-BXERS,0.333435
3806-YAZOV,0.124568
7998-ZLXWN,0.095509
6253-WRFHY,0.209118
9133-AYJZG,0.537961
2675-OTVVJ,0.425421
8680-CGLTP,0.054145
8430-TWCBX,0.027764
5018-GWURO,0.264392
6741-QRLUP,0.021288
4737-HOBAX,0.038184
0537-QYZZN,0.469588
3340-QBBFM,0.068345
1704-NRWYE,0.696314
2592-SEIFQ,0.447681
8200-KLNYW,0.06197
3372-CDXFJ,0.041097
4781-ZXYGU,0.692073
7632-YUTXB,0.025863
2718-YSKCS,0.011621
9896-UYMIE,0.141995
0853-NWIFK,0.179517
8212-CRQXP,0.346243
6980-CDGFC,0.025018
7691-XVTZH,0.073241
2520-SGTTA,0.028638
7481-ATQQS,0.312139
2277-VWCNI,0.472908
1088-CNNKB,0.03916
8642-GVWRF,0.645343
1930-BZLHI,0.028728
3400-ESFUW,0.021278
5868-YTYKS,0.533003
3525-DVKFN,0.021382
1482-OXZSY,0.407776
0377-JBKKT,0.070957
5778-BVOFB,0.23099
3373-YZZYM,0.259572
2057-ZBLPD,0.528451
0228-MAUWC,0.208431
5502-RLUYV,0.379786
0023-HGHWL,0.815874
7663-YJHSN,0.043468
4915-BFSXL,0.030726
3086-RUCRN,0.142747
5215-LNLDJ,0.47016
7576-JMYWV,0.377513
9039-RBEEE,0.078131
0257-KXZGU,0.127247
1307-ATKGB,0.504205
8417-FMLZI,0.538937
3714-XPXBW,0.114585
1850-AKQEP,0.096076
2824-DXNKN,0.019298
5227-JSCFE,0.022435
0848-ZGQIJ,0.528553
3621-CHYVB,0.092927
8042-RNLKO,0.027068
1792-UXAFY,0.482596
5372-FBKBN,0.068482
0420-TXVSG,0.02523
6217-TOWGS,0.306958
0515-YPMCW,0.727116
0378-XSZPU,0.028266
1045-LTCYT,0.092293
1544-JJMYL,0.037332
4636-JGAAI,0.289561
6874-SGLHU,0.258227
5951-AOFIH,0.186591
4729-XKASR,0.425671
3059-NGMXB,0.148604
8652-YHIYU,0.105475
5278-PNYOX,0.09047
5449-FIBXJ,0.574151
3486-HOOGQ,0.020522
5061-PBXFW,0.065201
8630-FJLIB,0.42633
3891-NLXJB,0.027967
4749-OJKQU,0.766313
0577-WHMEV,0.345047
5453-AXEPF,0.42628
3639-XJHKQ,0.21374
3716-LRGXK,0.105722
2263-SFSQZ,0.01706
9950-MTGYX,0.018157
3397-AVTKU,0.092903
4825-FUREZ,0.021674
9837-BMCLM,0.703049
2672-OJQZP,0.430705
0137-UDEUO,0.148843
3134-DSHVC,0.04158
6161-UUUTA,0.764923
7821-DPRQE,0.243734
6543-XRMYR,0.646131
2001-EWBQU,0.174522
4925-LMHOK,0.166077
1608-GMEWB,0.503547
6695-AMZUF,0.021459
1455-UGQVH,0.845141
8410-BGQXN,0.11257
8280-MQRQN,0.649654
1619-YWUBB,0.019044
7611-YKYTC,0.207516
2037-SGXHH,0.46018
3178-FESZO,0.924372
0365-GXEZS,0.351752
0082-OQIQY,0.399782
6087-MVHJH,0.677185
4603-JANFB,0.840562
3018-TFTSU,0.283787
3606-SBKRY,0.233804
4806-KEXQR,0.706256
0667-NSRGI,0.076009
7083-YNSKY,0.113596
6893-ODYYE,0.036335
8242-JSVBO,0.281933
2479-BRAMR,0.308876
9541-ZPSEA,0.036423
2665-NPTGL,0.608762
1139-WUOAH,0.049734
4693-VWVBO,0.210025
7434-SHXLS,0.28416
6937-GCDGQ,0.064481
0988-JRWWP,0.579695
5075-JSDKI,0.017644
7908-QCBCA,0.769805
8644-XYTSV,0.158517
6711-FLDFB,0.659932
3873-WOSBC,0.017257
7465-ZZRVX,0.82165
7975-JMZNT,0.025414
7251-XFOIL,0.191099
4116-IQRFR,0.041471
3714-JTVOV,0.31402
8259-DZLIZ,0.056134
0442-ZXKVS,0.230449
7853-WNZSY,0.190479
3120-FAZKD,0.018259
8606-OEGQZ,0.022933
0225-ZORZP,0.575418
4702-IOQDC,0.83962
9489-JMTTN,0.017805
0575-CUQOV,0.190214
0967-BMLBD,0.035822
6178-KFNHS,0.455814
2830-LEWOA,0.198721
5006-MXVRN,0.015183
1264-BYWMS,0.451695
9658-WYUFB,0.569175
8327-WKMIE,0.03029
6917-FIJHC,0.011568
5329-KRDTM,0.035376
7797-EJMDP,0.10522
3530-VWVGU,0.054004
2013-SGDXK,0.645554
6368-NWMCE,0.1372
3633-CDBUW,0.106939
0707-HOVVN,0.032943
8580-QVLOC,0.015733
3956-MGXOG,0.475725
9274-UARKJ,0.416101
4077-HWUYD,0.018426
2012-NWRPA,0.842514
8808-ELEHO,0.702593
0103-CSITQ,0.175744
3506-LCJDC,0.31586
8671-KKKOS,0.175307
7305-ZWMAJ,0.028281
9518-XXBXE,0.447216
3934-HXCFZ,0.633009
6578-KRMAW,0.222824
4860-IJUDE,0.35325
7666-WKRON,0.080292
9688-YGXVR,0.251368
0423-UDIJQ,0.22457
1945-XISKS,0.012272
4910-AQFFX,0.565686
2154-KVJFF,0.556452
5360-LJCNJ,0.147607
2607-FBDFF,0.400882
9647-ERGBE,0.669113
3428-XZMAZ,0.869031
1100-DDVRV,0.337326
0378-TOVMS,0.595608
4355-HBJHH,0.052606
6728-WYQBC,0.328295
9058-CBREO,0.657493
9029-FEGVJ,0.406165
7216-KAOID,0.030011
0318-QUUOB,0.839746
6145-NNPNO,0.513227
5520-FVEWJ,0.58198
5339-TJFEK,0.283596
5572-ZDXHY,0.372603
2074-GUHPQ,0.474774
4625-XMOYM,0.014819
5827-MWCZK,0.193832
1385-TQOZW,0.123299
5914-XRFQB,0.036037
4329-YPDDQ,0.257268
4804-NCPET,0.01657
3750-CKVKH,0.632135
5944-UGLLK,0.08876
8063-GBATB,0.671905
7787-BNTZM,0.112088
2252-ISRNH,0.254517
9415-TPKRV,0.230558
5322-TEUJK,0.033395
4547-KQRTM,0.607415
4877-EVATK,0.352476
1866-DIOQZ,0.030929
8375-KVTHK,0.14855
2697-NQBPF,0.502542
3709-OIJEA,0.10306
7639-SUPCW,0.131842
1386-ZIKUV,0.103406
0599-XNYDO,0.290514
6377-WHAOX,0.49661
6855-VLGOS,0.013414
8999-XXGNS,0.180176
8746-OQQRW,0.123695
3181-MIZBN,0.081831
0471-ARVMX,0.304662
7766-CLTIC,0.19355
5650-YLIBA,0.551362
0825-CPPQH,0.012138
9084-OAYKL,0.013855
6122-LJADA,0.020083
2400-XIWIO,0.025656
7524-VRLPL,0.029788
1069-XAIEM,0.899719
7569-NMZYQ,0.073718
5201-USSQZ,0.206864
2105-PHWON,0.369588
1494-EJZDW,0.021911
4884-TVUQF,0.07628
8003-EWNDZ,0.145931
1897-RCFUM,0.029336
9256-JTBNZ,0.096211
4658-HCOHW,0.430105
2211-RMNHO,0.034534
2432-TFSMK,0.218055
3440-JPSCL,0.781539
4929-ROART,0.115076
1834-ABKHQ,0.086721
1741-WTPON,0.05641
3932-IJWDZ,0.483128
1240-HCBOH,0.016867
3594-KADLU,0.318717
8065-BVEPF,0.338079
3796-ENZGF,0.02745
1734-ZMNTZ,0.023147
2853-CWQFQ,0.48312
0813-TAXXS,0.063181
2519-TWKFS,0.063883
2889-FPWRM,0.231455
0626-QXNGV,0.015207
6723-CEGQI,0.031854
6987-XQSJT,0.433041
4732-RRJZC,0.091121
9499-XPZXM,0.015955
4338-EYCER,0.160764
3007-FDPEA,0.167719
6350-XFYGW,0.771951
4290-BSXUX,0.711627
8513-OLYGY,0.043659
0311-QYWSS,0.275344
8705-DWKTI,0.277999
8755-IWJHN,0.237154
0325-XBFAC,0.696117
4480-QQRHC,0.627231
0929-PECLO,0.259899
3680-CTHUH,0.091551
1202-KKGFU,0.127131
6112-KTHFQ,0.101788
1852-XEMDW,0.103287
2462-XIIJB,0.78312
4760-XOHVN,0.262754
1820-DJFPH,0.015848
9426-SXNHE,0.134902
9068-FHQHD,0.018023
1269-FOYWN,0.02897
9470-YFUYI,0.032539
7817-BOQPW,0.836119
7402-EYFXX,0.699313
1853-UDXBW,0.843421
9895-VFOXH,0.406896
5458-CQJTA,0.028064
1230-QAJDW,0.348307
5701-ZIKJE,0.220753
5219-YIPTK,0.516295
5032-MIYKT,0.833092
7396-VJUZB,0.338372
9717-QEBGU,0.627169
5172-RKOCB,0.03284
6509-TSGWN,0.0605
3540-RZJYU,0.329547
3178-CIFOT,0.030986
2091-MJTFX,0.133147
4530-NDRKU,0.054324
5985-TBABQ,0.080303
9800-ONTFE,0.334541
6743-HHQPF,0.174011
8455-HIRAQ,0.203843
6616-AALSR,0.100697
0883-EIBTI,0.127173
9415-ZNBSX,0.022167
4018-KJYUY,0.0505
0722-TROQR,0.731376
7571-YXDAD,0.647907
3884-UEBXB,0.027039
8780-RSYYU,0.0708
5537-UXXVS,0.068691
1791-PQHBB,0.376979
8701-DGLVH,0.0163
8741-LQOBK,0.1084
3393-FMZPV,0.662657
8082-GHXOP,0.159864
6402-ZFPPI,0.613951
0980-FEXWF,0.067169
7486-KSRVI,0.228904
3011-WQKSZ,0.135729
8443-WVPSS,0.61243
3006-XIMLN,0.85557
8218-FFJDS,0.024385
1986-PHGZF,0.216565
9965-YOKZB,0.815837
0504-HHAPI,0.408013
9360-OMDZZ,0.672418
6305-YLBMM,0.15215
0345-XMMUG,0.144099
8024-XNAFQ,0.055492
3647-GMGDH,0.346675
2988-GBIVW,0.209666
2832-SCUCO,0.200019
7036-ZZKBD,0.115054
3791-LGQCY,0.424675
0265-PSUAE,0.500418
0463-TXOAK,0.017628
0594-UFTUL,0.073715
9509-MPYOD,0.028238
9128-CPXKI,0.092136
0129-KPTWJ,0.23298
8166-ZZTFS,0.052705
5855-EIBDE,0.146385
5365-LLFYV,0.494956
5956-YHHRX,0.809941
6008-NAIXK,0.276907
2956-GGUCQ,0.462163
1928-BXYIV,0.420459
5760-FXFVO,0.451785
6595-COKXZ,0.476978
0961-ZWLVI,0.354489
5181-OABFK,0.020854
4007-NHVHI,0.353718
7816-VGHTO,0.066091
5871-DGTXZ,0.027345
7550-WIQVA,0.325144
7544-ZVIKX,0.264438
0016-QLJIS,0.019944
7508-DQAKK,0.023785
5176-OLSKT,0.02895
9356-AXGMP,0.427075
3556-BVQGL,0.031539
0362-ZBZWJ,0.565106
8979-CAMGB,0.202931
4211-MMAZN,0.189995
7581-EBBOU,0.034789
4274-OWWYO,0.783691
5073-RZGBK,0.048517
1541-ETJZO,0.4986
2192-CKRLV,0.084707
3154-HMWUU,0.018076
6119-SPUDB,0.021688
6522-OIQSX,0.045031
7813-ZGGAW,0.380764
8748-HFWBO,0.027335
1052-QJIBV,0.011194
1319-YLZJG,0.448665
4106-HADHQ,0.061441
0723-FDLAY,0.083244
3050-RLLXC,0.027167
9298-WGMRW,0.037409
2369-UAPKZ,0.66932
3088-LHEFH,0.380695
2778-OCLGR,0.255479
6583-KQJLK,0.721835
8544-JNBOX,0.012993
6681-ZSEXG,0.033411
6139-ZZRBQ,0.018929
6116-RFVHN,0.496895
0637-KVDLV,0.767952
8884-FEEWR,0.027232
3125-RAHBV,0.029568
6633-MPWBS,0.376847
0373-AIVNJ,0.070288
8785-EPNCG,0.09541
1682-VCOIO,0.028604
5729-KLZAR,0.563348
2072-ZVJJX,0.018385
8849-AYPTR,0.310296
9518-IMLHK,0.088574
1582-RAFML,0.416645
3646-ITDGM,0.015945
8740-CRYFY,0.851923
3569-VLDHH,0.041385
8224-KDLKN,0.010791
7594-LZNWR,0.319475
4001-TSBTV,0.36745
2962-XPMCQ,0.538316
8727-XDPUD,0.050821
1043-UXOVO,0.036876
1064-FBXNK,0.093583
3996-ZNWYK,0.015686
2878-DHMIN,0.030745
7762-ONLJY,0.038263
1678-FYZOW,0.710175
5795-BKOYE,0.030409
8627-EHGIP,0.121144
7402-PWYJJ,0.107872
5480-TBGPH,0.598708
0018-NYROU,0.629242
7501-VTYLJ,0.409044
7608-RGIRO,0.017422
0480-BIXDE,0.582539
5895-QSXOD,0.359884
9814-AOUDH,0.016476
6175-IRFIT,0.536797
8760-ZRHKE,0.04964
1622-HSHSF,0.415415
8854-CCVSQ,0.521442
6749-UTDVX,0.2021
5542-DHSXL,0.18489
9102-OXKFY,0.046374
0511-JTEOY,0.757216
5216-WASFJ,0.657801
7808-DVWEP,0.145493
7067-KSAZT,0.303581
2284-VFLKH,0.154672
0366-NQSHS,0.138321
6532-YLWSI,0.028121
3807-BPOMJ,0.186376
3892-NXAZG,0.036495
4948-WBBKL,0.491651
4182-BGSIQ,0.101466
9300-AGZNL,0.925028
0988-AADSA,0.017161
9972-NKTFD,0.100238
3717-LNXKW,0.241265
5734-EJKXG,0.421503
2207-RYYRL,0.014712
6729-FZWSY,0.024408
9695-IDRZR,0.101065
8144-DGHXP,0.040635
7814-LEEVE,0.426623
1112-CUNAO,0.538123
5175-AOBHI,0.403404
5174-RNGBH,0.134281
8631-WUXGY,0.448096
7270-BDIOA,0.416081
9565-JSNFM,0.080769
5906-DVAPM,0.049066
6654-QGBZZ,0.396794
8348-JLBUG,0.045845
0607-DAAHE,0.018047
5641-DMBFJ,0.042004
9200-NLNPD,0.106367
2664-XJZNO,0.055894
9732-KPKBW,0.352577
3339-EAQNV,0.100188
0921-OHLVP,0.42839
3389-YGYAI,0.836252
9560-ARGQJ,0.54589
8350-NYMVI,0.124803
1600-DILPE,0.234064
0536-ESJEP,0.036445
4654-GGUII,0.054503
6478-HRRCZ,0.043458
8510-BBWMU,0.028801
6857-TKDJV,0.015275
2360-RDGRO,0.434713
0584-BJQGZ,0.10951
5134-IKDAY,0.85936
1360-XFJMR,0.156352
3070-DVEYC,0.499705
5730-RIITO,0.251212
9058-MJLZC,0.471837
5707-ORNDZ,0.218749
0902-XKXPN,0.017094
5177-RVZNU,0.029829
0056-EPFBG,0.046583
8993-IZEUX,0.387019
8696-JKZNU,0.579685
5380-AFSSK,0.793055
8190-ZTQFB,0.222377
0931-MHTEM,0.143551
2055-PDADH,0.619163
7515-LODFU,0.019473
0440-UEDAI,0.07728
1337-BOZWO,0.082586
0868-VJRDR,0.071567
8714-EUHJO,0.472665
6344-SFJVH,0.153832
3950-VPYJB,0.0369
8041-TMEID,0.081645
7321-ZNSLA,0.027326
6941-KXRRV,0.114873
3721-CNEYS,0.659751
8727-JQFHV,0.015589
9475-NNDGC,0.127854
1355-KUSBG,0.296995
3688-FTHLT,0.298922
0899-LIIBW,0.519735
2568-OIADY,0.637666
1384-RCUXW,0.504677
5825-XJOCM,0.058769
6848-YLDFR,0.05437
8125-QPFJD,0.024929
2320-YKQBO,0.090993
1193-RTSLK,0.221637
2302-ANTDP,0.315115
5923-GXUOC,0.500728
4973-RLZVI,0.039045
7869-ZYDST,0.199196
4501-UYKBC,0.093176
1215-EXRMO,0.015495
2305-MRGLV,0.239454
8404-VIOMB,0.029364
5233-GEEAX,0.467668
2359-KLTEK,0.355239
5304-EFJLP,0.046163
2673-ZALNP,0.048594
9184-GALIL,0.057767
4393-RYCRE,0.271067
9746-MDMBK,0.146465
3162-ZJZFU,0.187348
8404-GFGCZ,0.529436
8875-AKBYH,0.684257
4432-ADRLB,0.467675
0533-UCAAU,0.085256
1394-SUIUH,0.218374
3521-MNKLV,0.208275
2533-TIBIX,0.232503
8993-PHFWD,0.532445
1565-RHDJD,0.65632
7137-RYLPP,0.573253
3765-JXVKY,0.870317
5092-STPKP,0.091808
7330-WZLNC,0.787893
0114-PEGZZ,0.468329
3359-DSRKA,0.013891
8639-NHQEI,0.031615
7161-DFHUF,0.014196
3957-LXOLK,0.499849
3720-DBRWL,0.026354
6635-MYYYZ,0.049011
8565-WUXZU,0.020618
5281-BUZGT,0.472006
4994-OBRSZ,0.032424
0562-FGDCR,0.018525
2436-QBZFP,0.247991
3420-YJLQT,0.677097
6040-CGACY,0.079733
6582-PLFUU,0.01608
8242-PDSGJ,0.025511
0264-CNITK,0.012301
0089-IIQKO,0.415106
7839-NUIAA,0.07801
6075-QMNRR,0.122643
5378-IKEEG,0.780482
5966-EMAZU,0.259602
0440-EKDCF,0.02441
4774-HHGGS,0.018536
2718-GAXQD,0.476261
2055-BFOCC,0.048918
8180-AKMJV,0.556623
4298-OYIFC,0.794828
5566-SOEZD,0.069816
9842-EFSYY,0.289155
2272-WUSPA,0.04691
4584-LBNMK,0.040841
3898-GUYTS,0.373934
0930-EHUZA,0.057372
6413-XKKPU,0.384151
9975-SKRNR,0.225766
3703-KBKZP,0.581747
1449-XQEMT,0.135771
2626-URJFX,0.541549
4973-MGTON,0.017531
3682-YEUWS,0.094278
1223-UNPKS,0.020589
2612-RRIDN,0.739405
4735-ASGMA,0.685422
3446-QDSZF,0.360252
3669-LVWZB,0.466904
6892-EZDTG,0.760318
5117-IFGPS,0.621685
7379-FNIUJ,0.576052
1627-AFWVJ,0.019765
9725-SCPZG,0.898087
5884-GCYMI,0.705242
3217-FZDMN,0.732135
4486-EFAEB,0.147807
0060-FUALY,0.315878
7853-GVUDZ,0.262544
7480-QNVZJ,0.589091
6954-OOYZZ,0.184752
7088-FBAWU,0.134751
8313-AFGBW,0.035214
3943-KDREE,0.254989
9239-ZBZZV,0.522296
3097-IDVPU,0.19454
4398-HSCJH,0.516357
2197-OMWGI,0.056687
2303-PJYHN,0.146829
9795-VOWON,0.179031
1237-WIYYZ,0.070811
1987-AUELQ,0.01096
7852-LECYP,0.569269
4430-UZIPO,0.320323
4822-LPTYJ,0.087775
8165-CBKXO,0.046779
6527-PZFPV,0.02699
4855-SNKMY,0.591303
9593-CVZKR,0.01654
8595-SIZNC,0.048298
8008-HAWED,0.48163
7124-UGSUR,0.244959
1862-SKORY,0.436679
5236-XMZJY,0.108722
4827-DPADN,0.023817
2694-CIUMO,0.502252
5846-ABOBJ,0.016017
1439-LCGVL,0.024624
0909-SDHNU,0.174927
4647-XXZAM,0.233959
1502-XFCVR,0.201609
7740-KKCXF,0.172947
5360-XGYAZ,0.020179
9692-TUSXH,0.543079
7912-SYRQT,0.590001
3557-HTYWR,0.031438
4816-JBHOV,0.657109
8920-NAVAY,0.202386
1699-TLDLZ,0.019581
5600-PDUJF,0.237139
8292-TYSPY,0.126347
0567-XRHCU,0.054315
1867-BDVFH,0.620991
2067-QYTCF,0.29622
2359-QWQUL,0.179514
9103-TCIHJ,0.185696
7407-SUJIZ,0.047605
9150-KPBJQ,0.029329
0052-DCKON,0.140609
3654-ARMGP,0.028274
9699-UBQFS,0.442679
9367-TCUYN,0.075424
1261-FWTTE,0.463774
3528-HFRIQ,0.135301
0708-SJDIS,0.132867
4140-WJAWW,0.116455
2073-QBVBI,0.063494
6928-ONTRW,0.009689
3320-VEOYC,0.796464
5231-FIQPA,0.016937
6617-WLBQC,0.070732
2599-CIPQE,0.045048
6653-CBBOM,0.84699
8774-GSBUN,0.014866
7326-RIGQZ,0.581115
1401-FTHFQ,0.02699
3247-ZVOUO,0.671408
0254-FNMCI,0.058004
1848-LBZHY,0.153348
6101-IMRMM,0.598862
8118-TJAFG,0.689204
5429-LWCMV,0.680886
7298-IZWLY,0.532988
9758-MFWGD,0.09862
3955-JBZZM,0.400749
1268-ASBGA,0.58886
8943-URTMR,0.638258
4815-TUMEQ,0.044524
4713-LZDRV,0.85379
9909-IDLEK,0.332
4092-OFQZS,0.030109
1561-BWHIN,0.026397
4325-NFSKC,0.546671
9927-DSWDF,0.547532
9500-LTVBP,0.255055
7252-NTGSS,0.636142
8149-AIQCG,0.355977
1360-JYXKQ,0.273801
2955-PSXOE,0.526366
7762-URZQH,0.134584
0899-WZRSD,0.274517
3255-GRXMG,0.173086
4828-FAZPK,0.434745
6094-ZIVKX,0.039917
6925-BAYGL,0.024371
3262-EIDHV,0.021654
7354-OIJLX,0.667445
1376-HHBDV,0.113435
6907-NZZIJ,0.466243
6133-OZILE,0.285516
4135-FRWKJ,0.084035
2911-UREFD,0.192205
3744-ZRRDZ,0.51292
5673-TIYIB,0.366294
6551-ZCOTS,0.043128
7191-ADRGF,0.049759
5018-LXQQG,0.094803
6892-BOGQE,0.016111
1602-IJQQE,0.663506
4628-WQCQQ,0.202481
1746-TGTWV,0.791203
5995-SNNEW,0.687475
8050-WYBND,0.134758
2821-WARNZ,0.027565
4879-GZLFH,0.35891
1644-IRKSF,0.229112
8314-HTWVE,0.025407
9402-ROUMJ,0.085636
2507-QZPQS,0.533314
7159-NOKYQ,0.080325
5707-ZMDJP,0.025976
8779-YIQQA,0.033112
7136-IHZJA,0.103697
8966-OIQHG,0.029492
7074-STDCN,0.292495
3705-PSNGL,0.043008
8739-QOTTN,0.110408
1399-OUPJN,0.014931
0277-BKSQP,0.348421
6502-HCJTI,0.685034
2606-RMDHZ,0.338658
5774-XZTQC,0.087361
2676-SSLTO,0.053472
6266-QHOJZ,0.04127
7269-JISCY,0.071094
0363-SVHYR,0.019994
8547-NSBBO,0.209978
8258-GSTJK,0.812695
6861-OKBCE,0.073032
9940-RHLFB,0.763675
6591-QGOYB,0.415768
9070-BCKQP,0.038882
6421-SZVEM,0.103553
1328-EUZHC,0.020747
2995-UPRYS,0.229827
8878-RYUKI,0.26771
9633-DENPU,0.155076
7811-JIVPF,0.142645
7113-HIPFI,0.020031
8541-QVFKM,0.638012
6686-YPGHK,0.223998
1383-EZRWL,0.095195
9258-CNWAC,0.036076
5371-VYLSX,0.334199
6374-AFWOX,0.026555
4759-TRPLW,0.741491
5317-FLPJF,0.027891
7621-VPNET,0.274309
6034-YMTOB,0.643894
8563-IIOXK,0.119865
4903-CNOZC,0.072059
4353-HYOJD,0.121476
8020-BWHYL,0.533985
7267-FRMJW,0.021173
2982-VPSGI,0.800089
4188-FRABG,0.215369
8199-ZLLSA,0.158989
4128-ETESU,0.543474
0620-DLSLK,0.487795
4625-EWPTF,0.354613
5980-NOPLP,0.52803
3850-OKINF,0.063857
6892-XPFPU,0.740955
8010-EZLOU,0.634678
1156-ZFYDO,0.346039
3295-YVUSR,0.73354
8016-NCFVO,0.262667
4119-ZYPZY,0.120926
5549-ZGHFB,0.01757
7577-SWIFR,0.886114
0303-WMMRN,0.114997
6408-OTUBZ,0.124899
5204-HMGYF,0.045132
1078-TDCRN,0.777087
3727-OVPRY,0.027014
3797-FKOGQ,0.513335
7622-NXQZR,0.177227
6196-HBOBZ,0.086862
3970-XGJDU,0.025853
7017-VFULY,0.120466
5562-YJQGT,0.129633
8807-OPMBM,0.015988
5439-WIKXB,0.471895
9874-QLCLH,0.628407
8294-UIMBA,0.201755
8109-YUOHE,0.056385
5840-NVDCG,0.032612
8092-NLTGF,0.013359
5928-QLDHB,0.675924
9840-EFJQB,0.789526
0696-UKTOX,0.140747
4801-KFYKL,0.099319
3472-OAOOR,0.160165
6135-OZQVA,0.269161
8062-YBDOE,0.877512
2252-JHJGE,0.258971
4188-PCPIG,0.023483
6000-APYLU,0.608358
7105-BENQF,0.099015
7721-DVEKZ,0.352315
3566-VVORZ,0.23873
9507-HSMMZ,0.017829
2480-SQIOB,0.438093
0947-IDHRQ,0.54937
7813-TKCVO,0.02783
0128-MKWSG,0.100568
3672-YITQD,0.591853
4350-ZTLPI,0.212759
9048-JVYVF,0.385855
0361-HJRDX,0.021371
5727-MYATE,0.018792
3823-KYNQY,0.042765
8988-ECPJR,0.353958
7570-WELNY,0.043374
3021-VLNRJ,0.047784
3776-EKTKM,0.856141
2080-CAZNM,0.624381
1028-FFNJK,0.595915
6907-FLBER,0.64466
3001-UNBTL,0.661608
5982-PSMKW,0.035578
3507-GASNP,0.014735
7096-ZNBZI,0.015208
1902-XBTFB,0.443659
1676-MQAOA,0.015996
0786-IVLAW,0.187814
7566-DSRLQ,0.067891
0643-OKLRP,0.277372
7245-JMTTQ,0.299137
6050-IJRHS,0.217657
6202-JVYEU,0.089606
8591-TKMZH,0.064357
0734-OXWBT,0.282182
4282-ACRXS,0.436686
0365-TRTPY,0.143786
7349-ALMUX,0.029395
9381-NDKME,0.353097
6502-KUGLL,0.093786
1841-YSJGV,0.037894
2794-XIMMO,0.082153
8382-SHQEH,0.787777
3511-BFTJW,0.020719
7668-XCFYV,0.733182
2983-ZANRP,0.697582
7845-URHJN,0.102835
3034-ZBEQN,0.041538
5018-HEKFO,0.112118
2923-ARZLG,0.067859
3976-NLDEZ,0.249688
2282-YGNOR,0.038401
5336-UFNZP,0.232264
6854-EXGSF,0.218461
1241-EZFMJ,0.018523
9233-PSYHO,0.319864
5376-PCKNB,0.121257
8044-BGWPI,0.114504
4060-LDNLU,0.71282
3589-PPVKW,0.299907
8327-LZKAS,0.408643
5887-IKKYO,0.045327
1075-BGWOH,0.737765
1755-RMCXH,0.140038
0302-JOIVN,0.618605
3858-XHYJO,0.374579
4299-SIMNS,0.63161
7025-IWFHT,0.158109
6261-LHRTG,0.147988
7841-FCRQD,0.055084
2056-EVGZL,0.157407
8777-MBMTS,0.065653
7753-USQYQ,0.071838
5366-IJEQJ,0.602255
7661-CPURM,0.129432
6233-HXJMX,0.305317
5902-WBLSE,0.017153
1981-INRFU,0.786732
4971-PUYQO,0.363179
3239-TPHPZ,0.040753
5115-GZDEL,0.020666
3338-CVVEH,0.70215
8485-GJCDN,0.57195
2615-YVMYX,0.287403
2851-STERV,0.13373
4393-GEADV,0.054812
8486-AYEQH,0.514828
1527-SXDPN,0.052911
6029-WTIPC,0.688868
8634-CILSZ,0.168801
5419-JKZNQ,0.3694
2495-KZNFB,0.504071
1409-PHXTF,0.261183
4560-WQAQW,0.050794
9591-YVTEB,0.290839
9309-BZGNT,0.074798
4274-DRSQT,0.069106
2027-DNKIV,0.04924
8075-GXIUB,0.056138
2885-HIJDH,0.027547
5424-RLQLC,0.273327
6682-QJDGB,0.093503
6507-DTJZV,0.201046
8780-IXSTS,0.738178
7673-BQGKU,0.015753
6723-WSNTY,0.156106
9530-EHPOH,0.258976
2725-IWWBA,0.034167
0345-HKJVM,0.680285
1061-PNTHC,0.41016
0394-YONDK,0.014466
6574-MCOEH,0.15177
7399-QHBJS,0.017732
3049-SOLAY,0.854628
0997-YTLNY,0.098675
3317-HRTNN,0.574595
9479-HYNYL,0.029052
3235-ETOOB,0.422484
9708-KFDBY,0.239982
8058-INTPH,0.887406
3642-GKTCT,0.08046
0774-RMNUW,0.022224
1334-PDUKM,0.081643
0756-MPZRL,0.049614
2242-MFOTG,0.060893
2927-CVULT,0.057709
2144-BFDSO,0.389878
8745-PVESG,0.058985
7647-GYYKX,0.026759
5647-FXOTP,0.515629
5569-OUICF,0.469978
8821-XNHVZ,0.80971
2082-OJVTK,0.515629
9700-ISPUP,0.194271
9839-ETQOE,0.21317
6078-VESFR,0.421456
9027-TMATR,0.056639
5940-NFXKV,0.596872
1941-HOSAM,0.821932
9110-HSGTV,0.025716
0704-VCUMB,0.017487
6171-ZTVYB,0.084852
8053-WWDRO,0.105812
9564-KCLHR,0.427278
1935-IMVBB,0.200339
2535-PBCGC,0.020343
2082-CEFLT,0.683539
1470-PSXNM,0.178907
1213-NGCUN,0.26591
2498-XLDZR,0.028064
9866-OCCKE,0.046807
5338-YHWYT,0.022877
7718-UPSKJ,0.143137
8731-WBBMB,0.095823
1448-CYWKC,0.463913
7901-IIDQV,0.059123
2690-DVRVK,0.054448
5688-KZTSN,0.095391
1270-XKUCC,0.021173
0334-ZFJSR,0.038557
2894-QOJRX,0.28144
5747-PMBSQ,0.500852
5583-EJXRD,0.031322
4565-EVZMJ,0.046755
3143-JQEGI,0.628802
6386-SZZKH,0.187932
3327-YBAKM,0.093774
9441-QHEVC,0.256091
6705-LNMDD,0.10272
2580-ASVVY,0.03934
3370-GQEAL,0.517951
5032-USPKF,0.081878
2982-IHMFT,0.851803
3521-SYVOR,0.326861
4254-QPEDE,0.025108
6283-GITPX,0.01591
9526-JAWYF,0.308509
0771-CHWSK,0.031928
9788-HNGUT,0.037142
9495-REDIY,0.071208
5375-XLDOF,0.082041
1172-VIYBP,0.032131
5649-VUKMC,0.223726
6559-PDZLR,0.52665
8992-OBVDG,0.131498
4273-MBHYA,0.882026
4724-WXVWF,0.335589
5701-GUXDC,0.054888
1460-UZPRJ,0.016701
6082-GLJIX,0.049949
5143-EGQFK,0.411622
4919-IKATY,0.643157
2495-TTHBQ,0.043058
0485-ZBSLN,0.016779
3810-PJUHR,0.014589
9050-QLROH,0.391855
0847-HGRML,0.01482
8232-CTLKO,0.061637
9227-YBAXE,0.024041
6168-WFVVF,0.580206
9860-LISIZ,0.046002
0112-QAWRZ,0.524609
0877-SDMBN,0.172789
2786-GCDPI,0.521106
4043-MKDTV,0.099765
8065-YKXKD,0.649601
9637-EIHEQ,0.654232
9229-RQABD,0.036699
8313-KTIHG,0.448673
5320-BRKGK,0.020271
6284-KMNUF,0.198858
9689-PTNPG,0.702375
9465-RWMXL,0.51414
6229-UOLQL,0.130448
2362-IBOOY,0.489308
3137-LUPIX,0.395754
0843-WTBXE,0.226644
6143-JQKEA,0.289581
8676-OOQEJ,0.384628
5515-IDEJJ,0.28631
9701-CDXHR,0.16785
7450-NWRTR,0.854269
8124-NZVGJ,0.198922
2162-FRZAA,0.032376
5376-DEQCP,0.822581
5118-MUEYH,0.455865
9095-HFAFX,0.679917
5627-TVBPP,0.030996
2379-ENZGV,0.66894
3936-QQFLL,0.124767
2589-AYCRP,0.027745
4067-HLYQI,0.257247
5124-EOGYE,0.017872
5057-RKGLH,0.029645
0292-WEGCH,0.14607
8910-ICHIU,0.10717
4097-YODCF,0.307277
9715-WZCLW,0.049821
9786-YWNHU,0.017446
6407-GSJNL,0.020142
6005-OBZPH,0.526694
4049-ZPALD,0.04868
7932-WPTDS,0.868931
3733-UOCWF,0.087422
6833-JMZYP,0.564323
2722-VOJQL,0.137174
1310-QRITU,0.344085
8961-QDZZJ,0.183761
9715-SBVSU,0.060944
8490-BXHEO,0.475816
7173-TETGO,0.030063
7929-SKFGK,0.058311
2300-RQGOI,0.015495
3563-SVYLG,0.019132
5228-EXCET,0.593429
6435-VWCCY,0.058327
4998-IKFSE,0.482325
8630-QSGXK,0.046375
2455-USLMV,0.285296
7394-FKDNK,0.721686
9488-FVZCC,0.018221
6331-LWDTQ,0.264523
5995-WWKKG,0.041898
1597-FZREH,0.43072
7879-CGSFV,0.173047
9921-EZKBY,0.281445
7432-FFVAR,0.06205
7246-ZGQDF,0.396421
7000-WCEVQ,0.289044
0727-IWKVK,0.591513
5959-BELXA,0.649829
4456-RHSNB,0.165045
3512-IZIKN,0.021336
2481-SBOYW,0.015349
7109-MFBYV,0.157212
1833-TCXKK,0.415323
1832-PEUTS,0.046484
6141-OOXUQ,0.289726
8660-BUETV,0.346908
0580-PIQHM,0.189171
5696-CEIQJ,0.105026
7503-ZGUZJ,0.859051
1696-HXOWK,0.043087
3026-ATZYV,0.065934
4012-YCFAI,0.016787
2506-TNFCO,0.890299
9970-QBCDA,0.117127
8718-PTMEZ,0.432452
9496-IVVRP,0.138085
2207-OBZNX,0.159069
2657-VPXTA,0.721317
6551-VLJMV,0.01964
1221-GHZEP,0.02557
9289-LBQVU,0.06427
6142-VSJQO,0.593788
3458-IDMFK,0.015369
6933-FHBZC,0.075745
0221-NAUXK,0.053011
9770-KXGQU,0.103933
6437-UKHMV,0.650919
6538-POCHL,0.27634
6726-NNFWD,0.03583
3002-WQZWT,0.465348
4277-UDIEF,0.109596
1208-NBVFH,0.329691
4912-PIGUY,0.915703
1114-CENIM,0.166732
6060-DRTNL,0.713844
2725-TTRIQ,0.023836
3374-TTZTK,0.219809
8990-ZXLSU,0.405784
2275-RBYQS,0.658242
8473-VUVJN,0.888914
6289-CPNLD,0.067731
5536-SLHPM,0.333816
4419-UJMUS,0.161271
7794-JASDG,0.654317
7609-YBPXG,0.0323
5519-TEEUH,0.027045
7856-GANIL,0.14694
0804-XBFBV,0.327174
2676-OXPPQ,0.200795
3703-TTEPD,0.110174
2799-TSLAG,0.015732
0196-VULGZ,0.779796
8837-VVWLQ,0.473898
2696-NARTR,0.574036
2208-NKVVH,0.016775
7614-QVWQL,0.11669
1976-CFOCS,0.649537
4631-OACRM,0.585676
7139-JZFVG,0.018138
4987-GQWPO,0.169654
3755-JBMNH,0.322831
1757-TCATG,0.030011
6345-ULYRW,0.091904
4776-XSKYQ,0.072432
8048-DSDFQ,0.489794
5753-QQWPW,0.070436
6010-DDPPW,0.019474
1809-DMJHQ,0.267904
6693-FRIRW,0.4159
6586-MYGKD,0.032483
3173-NVMPX,0.267636
0248-PGHBZ,0.0285
0623-GDISB,0.591721
2892-GESUL,0.019581
6923-EFPNL,0.365171
7472-EQOAV,0.031494
9574-RKJIF,0.42473
2043-WVTQJ,0.450045
8034-RYTVV,0.074096
3863-QSTYI,0.150912
2619-WFQWU,0.780369
5044-LRQAQ,0.505029
1716-LSAMB,0.026471
1333-PBMXB,0.02469
6546-OPBBH,0.029266
5985-BEHZK,0.109244
9127-QRZMH,0.045107
5919-VCZYM,0.109286
9644-KVCNC,0.096365
2137-DQMEV,0.05903
8174-LNWMW,0.016336
9279-CJEOJ,0.62668
7964-VEXDG,0.340885
2404-JIBFC,0.032105
0778-NELLA,0.35874
8029-XYPWT,0.040577
4614-NUVZD,0.84337
4632-PAOYU,0.023008
3803-KMQFW,0.329902
6804-GDMOI,0.123801
2990-OGYTD,0.029217
6646-JPPHA,0.362542
9572-MTILT,0.239975
7658-UYUQS,0.363418
7880-XSOJX,0.135904
9611-CTWIH,0.717916
4589-IUAJB,0.01487
0329-GTIAJ,0.759304
8746-BFOAJ,0.043659
8457-XIGKN,0.063117
6072-NUQCB,0.031587
6629-CZTTH,0.662958
8838-GPHZP,0.016085
8750-QWZAJ,0.015753
5364-EVNIB,0.479387
6918-UMQCG,0.628708
0675-NCDYU,0.021325
6339-DKLMK,0.433704
1346-PJWTK,0.148052
5088-QZLRL,0.327893
8023-QHAIO,0.173825
4397-FRLTA,0.094056
3057-VJJQE,0.026932
5087-SUURX,0.46392
2302-OUZXB,0.028255
8133-ANHHJ,0.154106
2270-CHBFN,0.138148
0013-EXCHZ,0.667644
5982-FPVQN,0.410137
9107-UKCKY,0.158471
4654-ULTTN,0.028384
5550-VFRLC,0.875297
5546-BYZSM,0.072433
1492-KGETH,0.045784
4929-BSTRX,0.646659
4163-HFTUK,0.033578
8215-NGSPE,0.014466
2225-ZRGSG,0.026461
8859-YSTWS,0.029449
5271-YNWVR,0.072499
7601-DHFWZ,0.017687
2657-ALMWY,0.394311
6330-JKLPC,0.472331
4667-OHGKG,0.264622
1998-VHJHK,0.029046
1707-HABPF,0.090046
1660-HSOOQ,0.579381
7253-UVNDW,0.028614
0487-VVUVK,0.060135
7228-OMTPN,0.766692
5063-IUOKK,0.022758
4508-OEBEY,0.057099
0027-KWYKW,0.570049
2308-STERM,0.186551
5982-XMDEX,0.018099
6284-AHOOQ,0.392095
6051-PTVNS,0.025168
2344-JMOGN,0.554714
3799-ISUZQ,0.451976
2877-VDUER,0.051001
9152-AMKAK,0.051083
1794-HBQTJ,0.283691
9432-VOFYX,0.492563
8049-WJCLQ,0.212883
6586-PSJOX,0.068376
2460-FPSYH,0.29999
9705-ZJBCG,0.061492
4818-DRBQT,0.377914
1320-HTRDR,0.734789
6847-KJLTS,0.345789
9670-BPNXF,0.053891
3913-FCUUW,0.017285
3301-VKTGC,0.052482
1493-AMTIE,0.429996
9555-SAHUZ,0.126317
0816-TSPHQ,0.122803
9932-WBWIK,0.099266
4619-EVPHY,0.205559
5286-YHCVC,0.061099
6424-ELEYH,0.672648
4391-RESHN,0.597442
9115-YQHGA,0.188784
4462-CYWMH,0.23735
8963-MQVYN,0.11615
2458-EOMRE,0.159314
9334-GWGOW,0.750646
6821-BUXUX,0.614047
5028-HTLJB,0.47187
9801-GDWGV,0.512194
6542-LWGXJ,0.607299
5567-GZKQY,0.016176
1222-LRYKO,0.108913
2320-JRSDE,0.351564
2087-QAREY,0.184283
0601-WZHJF,0.372343
4423-JWZJN,0.100035
5143-WMWOG,0.329193
6490-FGZAT,0.081011
5393-RXQSZ,0.810411
7452-FOLON,0.025577
2320-TZRRH,0.028911
0231-LXVAP,0.745466
9444-JTXHZ,0.827912
4942-VZZOM,0.056126
5510-BOIUJ,0.147652
7502-BNYGS,0.191932
4291-HYEBC,0.281596
6147-CBCRA,0.046002
6047-SUHPR,0.058996
4471-KXAUH,0.299695
9752-ZNQUT,0.570279
7638-QVMVY,0.578255
1576-PFZIW,0.130851
5666-MBJPT,0.019163
7312-XSBAT,0.267749
3096-GKWEB,0.652702
2371-JQHZZ,0.634062
0674-GCDXG,0.026958
1121-QSIVB,0.109301
4396-KLSEH,0.244746
3244-DCJWY,0.73704
2824-MYYBN,0.516086
0875-CABNR,0.633304
6345-HOVES,0.199461
8318-LCNBW,0.074392
6469-QJKZW,0.1503
0147-ESWWR,0.537526
1217-VASWC,0.281656
7812-FZHPE,0.056573
6370-ZVHDV,0.016949
5915-DGNVC,0.066772
6260-XLACS,0.041538
3566-CAAYU,0.04185
4983-CCWMC,0.579186
9103-CXVOK,0.283688
2896-TBNBE,0.08722
4797-AXPXK,0.423395
5229-PRWKT,0.66853
6982-UQZLY,0.51525
2522-WLNSF,0.077977
3841-CONLJ,0.736893
5057-LCOUI,0.314664
0193-ESZXP,0.119478
4475-NVTLU,0.018159
4369-HTUIF,0.567792
9386-LDCZR,0.045862
9585-KKMFD,0.019073
5399-ZIMKF,0.54993
0336-KXKFK,0.025397
5619-XZZKR,0.050802
3948-FVVRP,0.121075
5327-XOKKY,0.053183
0983-TATYJ,0.058036
1813-JYWTO,0.035219
0156-FVPTA,0.153366
1984-FCOWB,0.261209
0654-HMSHN,0.488024
6719-OXYBR,0.503047
3312-ZWLGF,0.487264
6476-YHMGA,0.157141
5287-QWLKY,0.24723
0795-XCCTE,0.018464
0168-XZKBB,0.580322
3785-NRHYR,0.325285
5196-SGOAK,0.83251
4537-DKTAL,0.499213
7072-MBHEV,0.622385
5602-BVFMK,0.034805
6297-NOOPG,0.117758
1891-UAWWU,0.541427
8204-TIFGJ,0.070079
8050-DVOJX,0.030868
6108-OQZDQ,0.85553
0363-QJVFX,0.252032
8903-XEBGX,0.642886
8169-SAEJD,0.033425
9840-DVNDC,0.55251
1089-XZWHH,0.017583
2325-WINES,0.339008
6064-ZATLR,0.033611
3096-JRDSO,0.520097
7824-PANSQ,0.147747
8042-JVNFH,0.811933
9648-BCHKM,0.023598
2888-ADFAO,0.018151
8707-HOEDG,0.09791
3374-LXDEV,0.443118
4072-IPYLT,0.09352
7167-PCEYD,0.016417
4936-YPJNK,0.10027
1580-BMCMR,0.43678
4817-KEQSP,0.013656
6408-WHTEF,0.019123
9251-AWQGT,0.019001
8749-CLJXC,0.314967
7989-VCQOH,0.158136
5049-GLYVG,0.249688
4199-QHJNM,0.066819
8882-TLVRW,0.024618
5883-GTGVD,0.675606
5135-GRQJV,0.031452
2384-OVPSA,0.023267
1371-WEPDS,0.149365
3580-GICBM,0.016076
4817-QRJSX,0.556065
9730-DRTMJ,0.06939
4686-UXDML,0.648614
3349-ANQNH,0.25763
2398-YPMUR,0.538889
0932-YIXYU,0.016476
7480-SPLEF,0.016788
7636-XUHWW,0.336967
1431-CYWMH,0.05102
5937-EORGB,0.742648
6349-JDHQP,0.019077
5539-HIVAK,0.101611
5847-MXBEO,0.030109
9985-MWVIX,0.814829
4583-PARNH,0.580246
1116-FRYVH,0.021339
1421-HCERK,0.532472
9633-XQABV,0.625133
0716-BQNDX,0.05046
1265-XTECC,0.0726
1183-CANVH,0.063014
1972-XMUWV,0.033343
8679-LZBMD,0.14943
3407-JMJQQ,0.064603
6252-DFGTK,0.041372
1539-LNKHM,0.079732
8645-KOMJQ,0.040601
0289-IVARM,0.103793
9761-XUJWD,0.269777
4057-FKCZK,0.047813
4291-TPNFG,0.023048
6087-YPWHO,0.013703
3090-QFUVD,0.181683
2237-ZFSMY,0.12016
1722-LDZJS,0.025904
1818-ESQMW,0.327923
4871-JTKJF,0.846793
1415-YFWLT,0.803126
7401-RUBNK,0.298103
0506-YLVKJ,0.015534
8661-BOYNW,0.020319
6711-VTNRE,0.296449
4815-GBTCD,0.702395
2805-AUFQN,0.019946
0980-PVMRC,0.280915
7233-DRTRF,0.457519
3500-RMZLT,0.598157
3873-NFTGI,0.252966
1162-ECVII,0.051654
7048-GXDAY,0.502071
8571-ZCMCX,0.038856
1169-WCVAK,0.230477
4548-SDBKE,0.852509
8066-POXGX,0.448045
7129-CAKJW,0.393177
8695-ARGXZ,0.543078
3570-YUEKJ,0.228857
4143-OOBWZ,0.748559
1555-HAPSU,0.012025
1697-NVVGY,0.14545
7854-EKTJL,0.212433
8464-EETCQ,0.09023
2419-FSORS,0.13652
8132-YPVBX,0.620825
9102-IAYHT,0.643141
6754-LZUKA,0.043636
3422-LYEPQ,0.840233
8099-MZPUJ,0.104565
0787-LHDYT,0.084271
2642-DTVCO,0.801285
0374-IOEGQ,0.489978
4361-JEIVL,0.48053
3197-NNYNB,0.070502
3396-DKDEL,0.056259
1752-OZXFY,0.049991
9066-QRSDU,0.037796
9112-WSNPU,0.34634
9867-NNXLC,0.081873
5321-NTRKC,0.055065
1363-TXLSL,0.84242
9507-EXLTT,0.897395
3161-GETRM,0.380222
0402-OAMEN,0.011558
6933-VLYFX,0.066939
6754-WKSHP,0.030836
9846-GKXAS,0.569963
6017-PPLPX,0.381388
4976-LNFVV,0.326906
5055-MGMGF,0.417095
4641-FROLU,0.016794
2862-JVEOY,0.037688
2969-QWUBZ,0.617924
9822-BIIGN,0.096363
2077-MPJQO,0.752549
1534-OULXE,0.051403
7136-RVDTZ,0.186758
2971-SGAFL,0.345173
1480-IVEVR,0.172531
2905-KFQUV,0.613652
4581-SSPWD,0.761054
3370-HXOPH,0.772658
9391-YZEJW,0.14904
9958-MEKUC,0.03305
0281-CNTZX,0.018076
6927-WTFIV,0.295512
4118-CEVPF,0.171237
3398-ZOUAA,0.498697
9114-VEPUF,0.092128
7876-BEUTG,0.281818
2338-BQEZT,0.141264
9873-MNDKV,0.27963
0378-NHQXU,0.514564
8241-JUIQO,0.027001
2194-IIQOF,0.020506
4512-ZUIYL,0.491898
9631-RXVJM,0.020614
9584-EXCDZ,0.276475
7969-AULMZ,0.740697
5093-FEGLU,0.015749
2621-UDNLU,0.155121
7526-IVLYU,0.154466
2428-HYUNX,0.025229
9214-EKVXR,0.548667
3410-MHHUM,0.146918
0568-ONFPC,0.157574
0733-VUNUW,0.137361
4550-EVXNY,0.85469
2122-YWVYA,0.359664
2968-SSGAA,0.851209
2296-DKZFP,0.018372
4844-JJWUY,0.881253
6777-TGHTM,0.171592
8909-BOLNL,0.040696
6603-YRDCJ,0.021945
3538-WZPHD,0.647891
3229-USWAR,0.082454
2138-VFAPZ,0.02311
6131-JLWZM,0.095807
4785-QRJHC,0.092121
0269-XFESX,0.028688
1709-EJDOX,0.019334
4316-XCSLJ,0.149174
8610-WFCJF,0.434384
9693-XMUOB,0.295388
0383-CLDDA,0.031275
4905-JEFDW,0.31485
2709-UQGNP,0.157035
3549-ZTMNH,0.026661
7881-INRLC,0.396175
8033-ATFAS,0.187066
1635-NZATJ,0.015694
0562-HKHML,0.012464
8277-RVRSV,0.029888
9943-VSZUV,0.244799
0117-LFRMW,0.086774
6172-FECYY,0.409181
7054-ENNGU,0.191791
1455-HFBXA,0.031548
9402-CXWPL,0.13043
1628-BIZYP,0.868221
1965-AKTSX,0.569225
0082-LDZUE,0.612958
4786-UKSNZ,0.489794
5343-SGUBI,0.073627
0856-NAOES,0.254106
1976-AZZPJ,0.168898
7248-VZQLC,0.366932
6156-UZDLF,0.063042
3099-OONVS,0.117881
9500-WBGRP,0.012309
5183-KLYEM,0.024317
5144-PQCDZ,0.119046
8514-VZHEB,0.014946
6625-IUTTT,0.024522
9355-NPPFS,0.447754
0068-FIGTF,0.063327
5965-GGPRW,0.057138
8035-PWSEV,0.581968
2236-HILPA,0.013797
1840-BIUOG,0.118766
1356-MKYSK,0.136358
6080-LNESI,0.016822
1830-IPXVJ,0.013369
5828-DWPIL,0.220555
8398-TBIYD,0.021868
0011-IGKFF,0.718031
4192-GORJT,0.788901
6496-SLWHQ,0.840506
9912-GVSEQ,0.589721
2931-FSOHN,0.36226
9418-RUKPH,0.019813
5383-MMTWC,0.711241
9971-ZWPBF,0.444726
4712-AUQZO,0.223491
9711-FJTBX,0.048029
2908-ZTPNF,0.124252
7240-ETPTR,0.509234
2202-CUYXZ,0.830557
5995-OIGLP,0.105681
8421-WZOOW,0.206853
6261-RCVNS,0.043063
7951-QKZPL,0.016779
1414-YADCW,0.018282
8756-RDDLT,0.22898
2862-PFNIK,0.784967
5816-QVHRX,0.318036
4430-YHXGG,0.12047
6888-SBYAI,0.477259
7395-XWZOY,0.150922
7169-YWAMK,0.018564
3640-PHQXK,0.58371
6877-LGWXO,0.388893
6859-RKMZJ,0.254516
2729-VNVAP,0.015647
2957-JIRMN,0.109677
2049-BAFNW,0.578345
3842-QTGDL,0.226352
7163-OCEQI,0.106943
9782-LGXMC,0.077849
5975-BAICR,0.084921
8019-ENHXU,0.502295
5167-GBFRE,0.640051
9033-EOXWV,0.134443
4673-KKSLS,0.232932
4853-OITSN,0.630348
9800-OUIGR,0.015815
1324-NLTJE,0.212139
2324-EFHVG,0.106652
7094-MSZAO,0.09244
1522-VVDMG,0.530488
6907-CQGPN,0.095424
0780-XNZFN,0.018551
0239-OXEXL,0.17913
2675-IJRGJ,0.016566
7049-GKVZY,0.068365
8577-QSOCG,0.023856
3721-CNZHX,0.035314
0212-ISBBF,0.470327
9185-TQCVP,0.704307
3585-YNADK,0.044413
5271-DBYSJ,0.619065
1099-GODLO,0.060473
6828-HMKWP,0.02375
5567-WSELE,0.8614
1472-TNCWL,0.394607
8063-RJYNF,0.470108
0687-ZVTHB,0.046227
2080-GKCWQ,0.590895
9661-ACXBS,0.571364
2193-SFWQW,0.033431
5656-JAMLX,0.017256
3462-BJQQA,0.769046
0442-TDYUO,0.01823
6733-LRIZX,0.155732
9503-XJUME,0.026958
4367-NHWMM,0.723043
3727-RJMEO,0.718594
3779-OSWCF,0.021427
6736-DHUQI,0.053138
3915-ODIYG,0.068541
1360-RCYRT,0.146468
2724-FJDYW,0.090998
4451-RWASJ,0.036004
6646-VRFOL,0.505224
3460-TJBWI,0.016777
5917-HBSDW,0.071038
5685-IIXLY,0.643314
5671-UUNXD,0.377564
0956-ACVZC,0.201139
2325-NBPZG,0.524564
4250-ZBWLV,0.228066
4482-FTFFX,0.292255
8859-DZTGQ,0.013622
0440-MOGPM,0.177401
0020-JDNXP,0.066342
3752-CQSJI,0.088678
5025-GOOKI,0.071434
4698-KVLLG,0.02107
5095-AESKG,0.580499
2887-JPYLU,0.119172
4770-QAZXN,0.071801
4896-CPRPF,0.017191
1871-MOWRM,0.269717
9714-EDSUC,0.526902
2027-OAQQC,0.247584
0282-NVSJS,0.282967
9090-SGQXL,0.538499
6595-YGXIT,0.638622
7353-YOWFP,0.043433
9835-ZIITK,0.256144
8008-ESFLK,0.153881
7537-CBQUZ,0.298223
1555-DJEQW,0.035402
5649-TJHOV,0.269268
0519-XUZJU,0.672361
3363-EWLGO,0.140729
4750-UKWJK,0.041516
6338-AVWCY,0.584676
1689-YQBYY,0.684732
4487-ZYJZK,0.033929
2959-FENLU,0.651308
0708-LGSMF,0.282611
9253-QXKBE,0.669166
7634-HLQJR,0.017047
0487-RPVUM,0.171343
4079-ULGFR,0.070487
2516-XSJKX,0.042445
0057-QBUQH,0.027719
9445-SZLCH,0.365924
6599-SFQVE,0.420537
8331-ZXFOE,0.031057
4003-FUSHP,0.174894
0356-ERHVT,0.267098
7325-ENZFI,0.050471
4884-ZTHVF,0.669102
3920-HIHMQ,0.146589
3055-OYMSE,0.263327
0613-WUXUM,0.012841
7568-PODML,0.772232
4458-KVRBJ,0.017928
5349-IECLD,0.755043
1397-XKKWR,0.086855
3945-GFWQL,0.22393
8097-OMULG,0.049504
6013-BHCAW,0.036743
0401-WDBXM,0.048
3387-PLKUI,0.078843
6096-EGVTU,0.024117
3797-VTIDR,0.770977
5081-NWSUP,0.0959
2580-ATZSQ,0.02739
8085-MSNLK,0.055625
9691-HKOVS,0.070242
9881-VCZEP,0.237706
9526-BIHHD,0.357706
8757-TFHHJ,0.399417
4523-WXCEF,0.321876
1468-DEFNC,0.02119
5119-KEPFY,0.429711
8364-TRMMK,0.484995
0916-KNFAJ,0.03719
8319-QBEHW,0.121309
3063-QFSZL,0.712512
8775-LHDJH,0.919462
9625-QNLUX,0.109696
3097-NQYSN,0.841325
4024-CSNBY,0.027183
7110-BDTWG,0.051168
7493-GVFIO,0.017256
0690-SRQID,0.151101
9605-WGJVW,0.861389
9114-DPSIA,0.017555
4700-UBQMV,0.115075
7711-GQBZC,0.01406
3565-UNOCC,0.595912
4627-MIHJH,0.111918
9795-NREXC,0.029021
8573-CGOCC,0.079235
7356-AYNJP,0.055678
9249-FXSCK,0.182603
5493-SDRDQ,0.292098
6286-SUUWT,0.314967
4819-HJPIW,0.189991
8654-DHAOW,0.439855
5438-QMDDL,0.194896
9812-GHVRI,0.272379
5553-AOINX,0.281528
1228-ZLNBX,0.272195
4226-KKDON,0.202595
3831-YCPUO,0.109348
7445-WMRBW,0.06451
3308-DGHKL,0.015665
9924-JPRMC,0.060461
0080-EMYVY,0.069966
6218-KNUBD,0.258797
7337-CINUD,0.026664
7609-NRNCA,0.033567
0623-EJQEG,0.089991
7153-CHRBV,0.041571
0871-URUWO,0.804344
9190-MFJLN,0.452053
6198-PNNSZ,0.121528
3317-VLGQT,0.649696
4132-POCZS,0.238813
5614-DNZCE,0.021713
1095-JUDTC,0.32195
3896-RCYYE,0.138136
9638-JIQYA,0.599674
3258-SANFR,0.305397
3726-TBHQT,0.033763
3190-ITQXP,0.017047
0870-VEMYL,0.158799
4833-QTJNO,0.118561
3039-MJSLN,0.111253
0178-CIIKR,0.148843
5385-SUIRI,0.498924
3982-XWFZQ,0.257278
5774-QPLTF,0.026996
2322-VCZHZ,0.366147
5010-IPEAQ,0.018748
4009-ALQFH,0.574759
6383-ZTSIW,0.166496
8990-YOZLV,0.019204
3069-SSVSN,0.151226
5222-IMUKT,0.374116
3627-FCRDW,0.383602
7562-GSUHK,0.407587
6685-XSHHU,0.014643
8901-UPRHR,0.058931
4903-UYAVB,0.134467
0118-JPNOY,0.335655
6776-TLWOI,0.136705
3845-FXCYS,0.320888
5857-XRECV,0.056192
0725-CXOTM,0.072586
4343-EJVQB,0.328952
9000-PLFUZ,0.107734
3427-GGZZI,0.603878
7779-ORAEL,0.036628
0644-OQMDK,0.689572
4077-CROMM,0.497222
3154-CFSZG,0.244602
2868-MZAGQ,0.892786
4847-QNOKA,0.396011
2220-IAHLS,0.255944
1658-XUHBX,0.231852
6379-RXJRQ,0.54381
2378-HTWFW,0.375792
8650-RHRKE,0.547868
4377-VDHYI,0.163875
0475-RIJEP,0.37183
1260-TTRXI,0.435753
3719-TDVQB,0.022215
6328-ZPBGN,0.774405
0201-MIBOL,0.097048
4937-QPZPO,0.260872
2925-VDZHY,0.018659
6981-TDRFT,0.119351
3413-CSSTH,0.201337
8033-VCZGH,0.410186
4789-KWMXN,0.151234
0224-NIJLP,0.023031
7542-CYDDM,0.070654
4718-WXBGI,0.018316
2867-UIMSS,0.806387
8495-PRWFH,0.296211
0439-IFYUN,0.53992
5716-LIBJC,0.509713
2868-LLSKM,0.054077
8111-RKSPX,0.697311
2988-QRAJY,0.120699
1585-MQSSU,0.12985
0071-NDAFP,0.019866
2856-NNASM,0.367395
7328-ZJAJO,0.015631
6458-CYIDZ,0.457755
8559-CIZFV,0.038161
1090-PYKCI,0.144323
3058-WQDRE,0.308704
7547-EKNFS,0.284795
2279-AXJJK,0.226173
6769-DYBQN,0.2232
0909-SELIE,0.024259
3417-TSCIC,0.106766
1042-HFUCW,0.066971
4439-JMPMT,0.662606
6537-OTKMY,0.235732
8999-EXMNO,0.019036
6725-TPKJO,0.013711
2446-BEGGB,0.869649
7162-WPHPM,0.021047
1599-MMYRQ,0.062709
8821-KVZKQ,0.063753
1496-GGSUK,0.813169
6434-TTGJP,0.030271
0042-JVWOJ,0.028471
0130-SXOUN,0.202296
2575-GFSOE,0.498581
2330-PQGDQ,0.062647
1452-UZOSF,0.039944
2097-YVPKN,0.017926
2842-JTCCU,0.523727
8597-CTXVJ,0.029379
6631-HMANX,0.036148
9962-BFPDU,0.385466
3296-SILRA,0.839823
9681-OXGVC,0.881902
6394-HHHZM,0.127401
5995-LFTLE,0.018674
5180-UCIIQ,0.191235
1932-UEDCX,0.562319
7153-OANIO,0.76875
5188-HGMLP,0.259186
0665-XHDJU,0.153653
6521-YYTYI,0.911197
8878-HMWBV,0.596571
8265-HKSOW,0.047752
3544-FBCAS,0.019199
5331-RGMTT,0.419182
4759-PXTAN,0.085035
7054-DMVAS,0.035638
3428-MMGUB,0.099187
6549-BTYPG,0.0272
7823-JSOAG,0.671682
3705-RHRFR,0.070861
9374-YOLBJ,0.186251
9074-KGVOX,0.13142
6128-DAFVY,0.248402
9933-QRGTX,0.054001
4476-OSWTN,0.190876
3751-KTZEL,0.575519
1977-STDKI,0.814982
5066-GFJMM,0.128957
2661-GKBTK,0.026668
0458-HEUZG,0.05022
7268-WNTCP,0.014512
0824-VWDPO,0.096597
8409-WQJUX,0.130285
2578-JQPHZ,0.067268
3278-FSIXX,0.551476
5813-UECBU,0.416717
0328-GRPMV,0.83962
9746-UGFAC,0.028068
2946-KIQSP,0.138669
0625-AFOHS,0.01706
6726-WEXXK,0.139291
4636-OLWOE,0.084645
4342-HENTK,0.715337
4685-ERGHK,0.163717
0885-HMGPY,0.018128
5003-OKNNK,0.035033
4195-SMMNX,0.130814
7208-PSIHR,0.105448
4012-ZTHBR,0.302576
0489-WMEMG,0.120366
7435-ZNUYY,0.041774
1354-YZFNB,0.028031
6956-SMUCM,0.705823
2985-FMWYF,0.676646
2812-ENYMO,0.073792
2717-HVIZY,0.071285
3223-WZWJM,0.552449
3422-GALYP,0.780481
9053-JZFKV,0.093081
2530-ENDWQ,0.048811
2890-WFBHU,0.036905
0327-WFZSY,0.291101
7977-HXJKU,0.013968
6615-ZGEDR,0.340504
7033-CLAMM,0.016429
4023-RTIQM,0.11129
0864-FVJNJ,0.144577
7356-IWLFW,0.252248
9541-PWTWO,0.047767
3967-VQOGC,0.015069
7872-RDDLZ,0.202062
9250-WYPLL,0.595721
6308-CQRBU,0.073729
2754-XBHTB,0.468966
1597-LHYNC,0.518104
0186-CAERR,0.180368
3043-SUDUA,0.042862
5442-BHQNG,0.628223
2169-RRLFW,0.012523
5872-OEQNH,0.091265
3162-KKZXO,0.37411
7055-VKGDA,0.098165
0754-UKWQP,0.783683
8873-GLDMH,0.618985
5696-JVVQY,0.035363
8946-BFWSG,0.013304
7493-TPUWZ,0.871043
0547-HURJB,0.077418
8904-OPDCK,0.262727
8845-LWKGE,0.111797
1577-HKTFG,0.059012
8752-STIVR,0.745991
0691-NIKRI,0.432564
5022-JNQEQ,0.467065
4558-FANTW,0.332203
3249-VHRIP,0.0695
3736-BLEPA,0.124518
4701-LKOZD,0.024793
6603-QWSPR,0.167513
9921-QFQUL,0.352043
1929-ZCBHE,0.05212
4378-MYPGO,0.061619
8651-ENBZX,0.299325
4129-LYCOI,0.098478
7798-JVXYM,0.263903
8647-SDTWQ,0.335728
2696-ECXKC,0.1158
2081-KJSQF,0.481144
7623-TRNQN,0.395809
3323-CPBWR,0.414372
9330-IJWIO,0.713105
3384-CTMSF,0.530496
0902-RFHOF,0.02613
9286-DOJGF,0.398667
6048-QBXKL,0.592193
9661-MHUMO,0.457612
7718-RXDGG,0.323566
1025-FALIX,0.26398
3451-VAWLI,0.018023
3407-QGWLG,0.160113
1842-EZJMK,0.25092
2347-WKKAE,0.362621
8735-DCXNF,0.127854
3214-IYUUQ,0.066841
1936-UAFEH,0.064254
3587-PMCOY,0.422335
8079-XRJRS,0.061509
1027-LKKQQ,0.017474
7148-XZPHA,0.20033
8073-IJDCM,0.288333
5309-TAIKL,0.230024
6856-RAURS,0.60048
8778-LMWTJ,0.457171
9717-IOAAF,0.019661
8884-ADFVN,0.864004
2845-KDHVX,0.022338
0848-SOMKO,0.037187
2720-WGKHP,0.839485
6734-FQAJX,0.090096
2869-ADAWR,0.314444
1535-VTJOQ,0.018382
6368-TZZDT,0.030155
0943-ZQPXH,0.307601
1293-BSEUN,0.010586
9894-EZEWG,0.732336
1302-TPUBN,0.018046
7851-FLGGQ,0.344514
0637-UBJRP,0.437882
0940-OUQEC,0.533598
2378-VTKDH,0.526857
0927-CNGRH,0.277766
8608-OZTLB,0.047474
2335-GSODA,0.024758
1952-DVVSW,0.041439
0702-PGIBZ,0.761061
6656-GULJQ,0.024349
9853-JFZDU,0.098263
1963-VAUKV,0.226887
3777-XROBG,0.012288
6994-FGRHH,0.349673
4000-VGMQP,0.103288
3999-WRNGR,0.206399
3466-RITXD,0.368149
2680-XKKNJ,0.050019
3058-HJCUY,0.309002
2974-GGUXS,0.466634
7994-XIRTR,0.062314
3259-FDWOY,0.078055
2101-RANCD,0.350915
7921-BEPCI,0.025229
0807-ZABDG,0.507347
8510-TMWYB,0.049005
3258-ZKPAI,0.033281
1428-IEDPR,0.153968
5298-GSTLM,0.165448
4450-YOOHP,0.25108
6728-CZFEI,0.116378
5748-RNCJT,0.108524
3653-NCRDJ,0.028633
6121-TNHBO,0.061078
5119-NZPTV,0.589012
6519-ZHPXP,0.072744
7739-LAXOG,0.318747
3472-QPRCH,0.019559
8224-UAXBZ,0.092733
9610-WCESF,0.070291
9776-CLUJA,0.352812
2486-WYVVE,0.123983
3865-ZYKAD,0.165452
1422-DGUBX,0.162616
2999-AANRQ,0.027725
8668-KNZTI,0.095318
0480-KYJVA,0.014661
6034-ZRYCV,0.038682
9746-YKGXB,0.063794
3926-YZVVX,0.066505
6000-UKLWI,0.018424
2079-FBMZK,0.432845
6332-FBZRI,0.030076
2096-XOTMO,0.068803
3266-FTKHB,0.021734
8221-EQDGL,0.09696
2346-LOCWC,0.019932
6608-QQLVK,0.806795
0298-XACET,0.037621
7560-QJAVJ,0.02384
2995-YWTCD,0.022034
3551-HUAZH,0.896951
9137-UIYPG,0.381948
2809-ZMYOQ,0.598002
5084-OOVCJ,0.137183
0254-WWRKD,0.047622
7727-SHVZV,0.088101
6302-JGYRJ,0.078779
5339-PXDVH,0.584087
2205-LPVGL,0.059413
8782-NUUOL,0.04715
3685-YLCMQ,0.403977
7601-WFVZV,0.286304
4609-KNNWG,0.016794
4868-AADLV,0.215086
9529-OFXHY,0.512055
8634-MPHTR,0.585887
2669-QVCRG,0.299728
2478-EEWWM,0.34547
9174-IHETN,0.035413
2233-TXSIU,0.086188
9644-UMGQA,0.21952
3256-EZDBI,0.235193
8761-NSOBC,0.199593
0419-YAAPX,0.285302
8413-VONUO,0.616375
0872-CASZJ,0.056139
4726-DLWQN,0.174475
8164-OCKUJ,0.014985
3094-JOJAI,0.304286
9494-MRNYX,0.547946
2599-CZABP,0.117692
7945-PRBVF,0.017721
4544-RXFMG,0.109361
0859-YGKFW,0.036429
1150-FTQGN,0.051778
9223-UCPVT,0.840189
7196-LIWRH,0.026479
5448-VWNAM,0.114155
1177-XZBJL,0.034026
3518-FSTWG,0.061458
9330-VOFSZ,0.078785
4351-QLCSU,0.626811
0939-EREMR,0.150712
9389-ACWBI,0.484935
5419-JPRRN,0.937145
3644-QXEHN,0.573002
2911-IJORQ,0.056939
5921-NGYRH,0.136875
2100-BDNSN,0.290529
5998-DZLYR,0.057596
0488-GSLFR,0.872819
9318-NKNFC,0.255889
3985-HOYPM,0.026249
9728-FTTVZ,0.837802
9548-LERKT,0.017957
6576-FBXOJ,0.186332
4310-KEDTB,0.155358
7254-IQWOZ,0.811605
2474-BRUCM,0.451419
4062-HBMOS,0.573081
0742-NXBGR,0.828694
2676-ISHSF,0.251644
9236-NDUCW,0.033665
4753-PADAS,0.242045
6103-QCKFX,0.094909
7781-EWARA,0.078257
6110-OHIHY,0.573085
7018-FPXHH,0.029681
5889-LFOLL,0.788258
5708-EVONK,0.120497
8708-XPXHZ,0.485717
0616-ATFGB,0.802606
0572-ZJKLT,0.039163
5135-RDDQL,0.031227
1353-LJWEM,0.195662
1794-SWWKL,0.235267
6166-YIPFO,0.02618
7016-BPGEU,0.15469
6876-ADESB,0.551291
9332-GYWLO,0.317039
1963-SVUCV,0.57072
4184-VODJZ,0.165891
0220-EBGCE,0.782773
1092-WPIVQ,0.023282
7233-IOQNP,0.097783
2834-JKOOW,0.059406
2754-VDLTR,0.624134
2400-FEQME,0.015774
3190-XFANI,0.189693
7551-DACSP,0.25404
4957-SREEC,0.016157
7235-NXZCP,0.729384
0230-UBYPQ,0.052205
4923-ADWXJ,0.126126
1763-KUAAW,0.044916
1104-TNLZA,0.562565
5195-KPUNQ,0.061191
0520-FDVVT,0.237053
3439-GVUSX,0.43385
1444-VVSGW,0.090296
5712-PTIWW,0.625607
5949-HGVJL,0.155174
5203-XEHAX,0.082238
1635-HDGFT,0.022296
3315-TOTBP,0.444308
8050-XGRVL,0.03568
6661-HBGWL,0.478939
1518-VOWAV,0.228099
9828-QHFBK,0.212266
3908-MKIMJ,0.077227
5012-YSPJJ,0.089566
5909-ECHUI,0.705286
1309-BXVOQ,0.68261
6728-VOIFY,0.167136
9317-WZPGV,0.764778
4891-NLUBA,0.029918
2856-HYAPG,0.777879
8969-PRHFK,0.027702
0661-KQHNK,0.044405
8709-KRDVL,0.588341
4488-PSYCG,0.079626
1427-VERSM,0.259412
9801-NOSHQ,0.026307
6339-YPSAH,0.536109
3621-CEOVK,0.732582
6906-ANDWJ,0.468205
2159-TURXX,0.120266
1548-FEHVL,0.326225
3795-CAWEX,0.053113
6215-NQCPY,0.771026
5647-URDKA,0.022958
2229-DPMBI,0.025091
9626-WEQRM,0.341885
2188-SXWVT,0.048623
6258-PVZWJ,0.027892
1094-BKOSX,0.059966
6969-MVBAI,0.759764
2978-XXSOG,0.100005
2342-CKIAO,0.132089
6953-PBDIN,0.035705
3898-BSJYF,0.066604
3938-YFPXD,0.025804
7696-AMHOD,0.077568
2453-SAFNS,0.044947
9558-IHEZX,0.048518
9617-UDPEU,0.038942
6340-DACFT,0.015874
4955-VCWBI,0.025321
6813-GZQCG,0.018726
7426-GSWPO,0.288017
3389-KTRXV,0.02192
3118-UHVVQ,0.014018
1031-IIDEO,0.855392
5832-XKAES,0.580797
3205-MXZRA,0.056792
4701-AHWMW,0.140514
8317-BVKSO,0.12257
5702-KVQRD,0.035189
0083-PIVIK,0.045147
9210-IAHGH,0.217546
6169-PGNCD,0.017574
0023-XUOPT,0.560875
4592-IWTJI,0.262373
4909-JOUPP,0.045362
4657-FWVFY,0.319197
2257-BOVXD,0.224422
7729-JTEEC,0.569921
7632-MNYOY,0.126439
6518-LGAOV,0.624511
7242-QZLXF,0.707373
4576-CSAJH,0.056404
1000-AJSLD,0.542489
9696-RMYBA,0.612755
8690-UPCZI,0.04758
1062-LHZOD,0.757324
9770-LXDBK,0.157026
4086-WITJG,0.011886
8344-WFMFH,0.320999
9600-NAXZN,0.586027
8822-KNBHV,0.077187
8404-FYDIB,0.271086
2791-SFVEW,0.08932
6457-USBER,0.890929
6762-NSODU,0.015749
4662-EKDPQ,0.500087
9248-OJYKK,0.895222
9888-ZCUMM,0.025388
3398-FSHON,0.760376
3319-DWOEP,0.765439
1074-WVEVG,0.023789
9979-RGMZT,0.33068
6437-UDQJM,0.034271
1226-IENZN,0.629328
2108-GLPQB,0.141211
9259-PACGQ,0.129959
4415-IJZTP,0.853932
1465-VINDH,0.821989
5474-LAMUQ,0.026129
3468-DRVQJ,0.071877
1122-YJBCS,0.050006
4990-ALDGW,0.015451
4816-OKWNX,0.162138
3315-IKYZQ,0.074098
2810-FTLEM,0.270427
4747-LCAQL,0.078035
3411-WLRSQ,0.661471
0898-XCGTF,0.175749
8006-PYCSW,0.138675
8249-THVEC,0.027461
8722-PRFDV,0.022643
2164-SOQXL,0.055151
4020-KIUDI,0.095701
5850-BDWCY,0.091994
2038-YSEZE,0.081005
0827-ITJPH,0.01659
8799-OXZMD,0.218153
1925-TIBLE,0.765789
1705-GUHPV,0.012832
4779-ZGICK,0.014766
0048-PIHNL,0.026945
0818-OCPZO,0.535842
3967-KXAPS,0.021497
1447-GIQMR,0.846844
3704-IEAXF,0.028337
6810-VCAEX,0.037582
0674-EYYZV,0.74771
4480-MBMLB,0.35478
1395-OFUWC,0.108606
0822-QGCXA,0.209863
0872-NXJYS,0.61689
2832-KJCRD,0.54549
3588-WSTTJ,0.676897
4075-WKNIU,0.045619
5090-EMGTC,0.085452
2346-CZYIL,0.01964
3798-EPWRR,0.613583
6258-NGCNG,0.092283
4186-ZBUEW,0.072911
5274-XHAKY,0.258075
1442-BQPVU,0.296101
3978-YNKDD,0.020491
4940-KHCWD,0.023583
9412-ARGBX,0.047888
1389-CXMLU,0.843066
9589-ABEPT,0.046177
9388-ZEYVT,0.105591
0305-SQECB,0.059832
7605-SNLQG,0.150516
4670-TABXH,0.045846
5561-NWEVX,0.793846
0064-SUDOG,0.022577
8561-NMTBD,0.137729
5161-XEUVX,0.061635
8292-FRFZQ,0.046378
8591-NXRCV,0.119776
7895-VONWT,0.375527
4526-RMTLL,0.044012
6253-GNHWH,0.015661
4566-NECEV,0.686325
8080-POTJR,0.120976
6906-MPARY,0.121502
3662-FXJFO,0.015726
8107-RZLNV,0.083812
0516-OOHAR,0.228761
2027-CWDNU,0.508605
2737-WFVYW,0.744653
9912-OMZDS,0.41111
3733-ZEECP,0.25426
7878-RTCZG,0.306496
2452-MRMZF,0.018013
2272-QAGFO,0.648846
7103-IPXPJ,0.293131
4342-HFXWS,0.039448
3545-CNWRG,0.46376
1785-BPHTP,0.387782
4989-LIXVT,0.401915
7315-WYOAW,0.699036
1173-XZPYF,0.790849
9850-OWRHQ,0.639963
3768-NLUBH,0.366412
8676-TRMJS,0.434859
2509-TFPJU,0.015055
9530-GRMJG,0.040805
6898-RBTLU,0.033955
5481-NTDOH,0.326222
2068-WWXQZ,0.017817
7359-SSBJK,0.021109
2061-VVFST,0.062619
0685-MLYYM,0.537162
0749-IRGQE,0.471835
2380-DAMQP,0.035231
2256-YLYLP,0.033047
1272-ILHFG,0.03726
0164-XAIRP,0.022424
5666-CYCYZ,0.513054
4011-ARPHK,0.081787
8182-PNAGI,0.179429
6365-HITVU,0.016307
7558-IMLMT,0.015603
9488-FYQAU,0.086724
3590-TCXTB,0.209732
6994-KERXL,0.5111
7957-RYHQD,0.278195
2180-DXNEG,0.738787
1960-UOTYM,0.029928
2740-JFBOK,0.135412
6500-JVEGC,0.09771
5515-AKOAJ,0.326819
8976-OQHGT,0.263198
5245-VDBUR,0.040675
6230-BSUXY,0.866562
8469-SNFFH,0.037466
2144-ESWKO,0.079002
1241-FPMOF,0.016453
9928-BZVLZ,0.045966
4114-QMKVN,0.046953
2775-SEFEE,0.055787
9003-CPATH,0.368314
1754-GKYPY,0.473198
5294-CDGWY,0.064143
7956-XQWGU,0.055604
1591-MQJTP,0.130462
5295-PCJOO,0.297662
2369-FEVNO,0.61868
9863-JZAIC,0.122293
7471-MQPOS,0.063383
7660-HDPJV,0.822581
5115-SQAAU,0.017271
9845-QOMAD,0.035807
7672-VFMXZ,0.113743
9739-JLPQJ,0.063135
9916-AYHTC,0.017583
3855-ONCAR,0.686787
1488-SYSFC,0.071629
7931-PXHFC,0.06743
3990-QYKBE,0.511583
0970-QXPXW,0.297291
3259-KNMRR,0.067248
6120-RJKLU,0.034202
9572-WUKSB,0.426608
5893-KCLGT,0.010324
0076-LVEPS,0.089507
3640-JQGJG,0.144066
4919-MOAVT,0.501615
1596-OQSPS,0.196467
9867-XOBQA,0.030269
9546-KDTRB,0.07452
3090-HAWSU,0.068803
9820-RMCQV,0.150396
3174-RKMOW,0.416425
1760-CAZHT,0.046109
7839-QRKXN,0.492664
8441-SHIPE,0.018735
5204-QZXPU,0.416849
4597-ELFTS,0.029171
1320-GVNHT,0.052182
1047-RNXZV,0.013711
3541-ZNUHK,0.280563
8450-JOVAH,0.296974
8725-JEDFD,0.254773
7562-UXTPG,0.433871
8071-SBTRN,0.057594
1113-IUJYX,0.204729
6668-CNMFP,0.155736
5626-MGTUK,0.41341
5681-LLOEI,0.048788
8212-DJRCH,0.450778
4323-OHFOW,0.157815
4933-BSAIP,0.016867
2030-BTZRO,0.025472
1116-DXXDF,0.101801
9274-CNFMO,0.688506
7758-XKCBS,0.379961
8992-JQYUN,0.791505
6563-VNPMN,0.176641
0617-AQNWT,0.027139
2267-WTPYD,0.256204
0270-THENM,0.016773
2446-PLQVO,0.81248
4707-MAXGU,0.013225
2710-WYVXG,0.030399
3005-NFMTA,0.365391
6300-BWMJX,0.211246
8784-CGILN,0.466637
5389-FFVKB,0.368588
7009-LGECI,0.298426
8444-WRIDW,0.225632
5022-KVDQT,0.538879
7976-CICYS,0.12781
1036-GUDCL,0.067974
2005-DWQZJ,0.020521
8148-WOCMK,0.02453
7815-PDTHL,0.020968
9451-LPGOO,0.761218
9173-IVZVP,0.014929
9129-UXERG,0.548275
3635-JBPSG,0.123973
7964-ZRKKG,0.121527
5868-YWPDW,0.738341
6229-LSCKB,0.712486
2025-JKFWI,0.627875
4078-SAYYN,0.822917
1724-IQWNM,0.382318
8217-QYOHV,0.201369
5546-QUERU,0.039028
9940-HPQPG,0.417025
6897-UUBNU,0.202587
6127-IYJOZ,0.679073
6618-RYATB,0.874028
8930-XOTDP,0.14736
5916-QEWPT,0.441198
5060-TQUQN,0.288281
0531-XBKMM,0.022279
8465-SBRXP,0.062973
2408-PSJVE,0.093272
9079-YEXQJ,0.253285
9700-ZCLOT,0.450862
8738-JOKAR,0.067925
4534-WGCIR,0.015393
1930-WNXSB,0.332288
2685-SREOM,0.632907
3508-CFVZL,0.029815
0402-CQAJN,0.41194
6692-UDPJC,0.506948
1273-MTETI,0.793181
0657-DOGUM,0.062645
5480-HPRRX,0.699579
8792-AOROI,0.033702
0295-PPHDO,0.931284
5146-YYFRZ,0.015249
1195-OIYEJ,0.715054
5906-CVLHP,0.049093
3452-SRFEG,0.318568
4070-OKWVH,0.23234
5297-MDOIR,0.040544
6369-MCAKO,0.022167
4926-UMJZD,0.13015
6848-HJTXY,0.016313
6341-AEVKX,0.186889
4501-EQDRN,0.725139
2990-HWIML,0.759458
0682-USIXD,0.38949
6976-BWGLQ,0.009747
7078-NVFAM,0.28115
8065-QBYTO,0.051782
2133-TSRRM,0.350688
7384-GHBPI,0.694126
7603-USHJS,0.507262
7234-FECYN,0.721166
2511-ALLCS,0.018396
3191-CSNMG,0.71755
7952-OBOYL,0.584284
7470-DYNOE,0.120994
7853-OETYL,0.448233
1545-ACTAS,0.190191
5876-HZVZM,0.139199
1400-MMYXY,0.824646
5126-RCXYW,0.046516
3085-QUOZK,0.456823
2363-BJLSL,0.083911
1956-YIFGE,0.28145
3926-CUQZX,0.596001
7921-LMDFQ,0.188502
2925-MXLSX,0.086
5820-PTRYM,0.037513
9609-BENEA,0.123283
6211-WHMYA,0.21579
4459-BBGHE,0.346103
9945-PSVIP,0.016712
1041-RXHRA,0.240439
1750-CSKKM,0.228777
9108-EJFJP,0.457873
0530-IJVDB,0.055669
0508-SQWPL,0.015953
2215-ZAFGX,0.774001
8213-TAZPM,0.237672
7142-HVGBG,0.592526
1304-SEGFY,0.061111
7242-EDTYC,0.015299
2904-GGUAZ,0.033773
8267-ZNYVZ,0.199879
5136-GFPMB,0.218549
2595-KIWPV,0.016415
5243-SAOTC,0.240443
9398-MMQTO,0.516124
7619-PLRLP,0.064119
6457-GIRWB,0.850802
6508-NJYRO,0.044143
1450-SKCVI,0.198744
4710-NKCAW,0.170333
5306-BVTKJ,0.086734
0357-NVCRI,0.054048
5570-PTWEH,0.692085
2371-KFUOG,0.126646
0463-ZSDNT,0.281788
6502-MJQAE,0.837706
6257-DTAYD,0.059128
4616-ULAOA,0.075474
7693-LCKZL,0.683946
7746-AWNQW,0.141479
5996-EBTKM,0.033451
2758-RNWXS,0.140542
2314-TNDJQ,0.021401
2405-LBMUW,0.045715
3454-JFUBC,0.021904
0032-PGELS,0.432514
9039-ZVJDC,0.131222
6797-LNAQX,0.038153
9013-AQORL,0.14173
2898-MRKPI,0.158785
2750-BJLSB,0.247394
3648-GZPHF,0.057661
2075-RMJIK,0.220261
9588-YRFHY,0.019981
6394-MFYNG,0.404841
1564-NTYXF,0.749082
9364-YKUVW,0.08969
5392-AKEMH,0.347827
2451-YMUXS,0.030906
3914-FDRHP,0.528348
3078-ZKNTS,0.028197
1024-KPRBB,0.146101
4690-PKDQG,0.505898
8155-IBNHG,0.288339
0886-QGENL,0.514311
9547-ITEFG,0.750056
1264-FUHCX,0.108861
7789-CRUVC,0.117145
6598-KELSS,0.071334
8739-WWKDU,0.587565
8685-WHQPW,0.40971
4745-LSPLO,0.265056
8083-YTZES,0.721184
7240-FQLHE,0.587118
6664-FPDAC,0.243384
9972-VAFJJ,0.172158
0422-UXFAP,0.274076
1904-WAJAA,0.031552
5130-YPIRV,0.034259
2843-CQMEG,0.139065
6439-PKTRR,0.027586
5351-QESIO,0.546094
0786-VSSUD,0.434866
5568-DMXZS,0.243362
8468-FZTOE,0.025648
6633-SYEUS,0.247946
6447-GORXK,0.156352
6967-PEJLL,0.070893
3976-BWUCK,0.310847
5981-ZVXOT,0.265121
1684-FLBGS,0.103054
1389-WNUIB,0.089091
0376-OIWME,0.286319
3585-ISXZP,0.66651
0218-QNVAS,0.086013
6583-QGCSI,0.48471
0804-YGEQV,0.033148
7164-BPTUT,0.02324
4174-LPGTI,0.071099
2523-EWWZL,0.432893
0928-XUTSN,0.615821
2108-XWMPY,0.356876
0052-YNYOT,0.032609
6304-IJFSQ,0.416581
9586-JGQKH,0.099657
4501-VCPFK,0.225428
6075-SLNIL,0.316022
9347-AERRL,0.028145
0093-XWZFY,0.442487
2274-XUATA,0.024966
1980-KXVPM,0.797001
7703-ZEKEF,0.545491
0723-DRCLG,0.907344
5482-NUPNA,0.172465
6691-CCIHA,0.038025
1685-BQULA,0.317161
9053-EJUNL,0.430256
0666-UXTJO,0.420924
1471-GIQKQ,0.341295
4807-IZYOZ,0.015181
1122-JWTJW,0.727116
9710-NJERN,0.019468
9837-FWLCH,0.117604
1699-HPSBG,0.141871
7203-OYKCT,0.194167
1035-IPQPU,0.45507
7398-LXGYX,0.206851
2823-LKABH,0.410445
8775-CEBBJ,0.177205
0550-DCXLH,0.163095
9281-CEDRU,0.026233
2235-DWLJU,0.614468
0871-OPBXW,0.170535
3605-JISKB,0.061156
6894-LFHLY,0.932374
9767-FFLEM,0.29524
0639-TSIQW,0.214875
8456-QDAVC,0.359731
7750-EYXWZ,0.14607
2569-WGERO,0.011947
6840-RESVB,0.057994
2234-XADUH,0.117973
4801-JZAZL,0.326759
8361-LTMKD,0.719106
3186-AJIEK,0.048121
